,원YoY,보정YoY,영업일수차,비노출_요구불,노출_요구불,비노출_운전자금,노출_운전자금,비노출_할인어음,노출_할인어음
원YoY,0.0,0.0,0.0001,0.2399,0.0286,0.7943,0.7262,0.0928,0.8734
보정YoY,0.0,0.0,0.5742,0.5097,0.3514,0.6461,0.7008,0.0381,0.5241
영업일수차,0.0001,0.5742,0.0,0.2701,0.011,0.7874,0.9846,0.7952,0.1751
비노출_요구불,0.2399,0.5097,0.2701,0.0,0.0,0.0,0.0069,0.0344,0.2232
노출_요구불,0.0286,0.3514,0.011,0.0,0.0,0.0005,0.0152,0.0744,0.25
비노출_운전자금,0.7943,0.6461,0.7874,0.0,0.0005,0.0,0.0,0.5191,0.1992
노출_운전자금,0.7262,0.7008,0.9846,0.0069,0.0152,0.0,0.0,0.0803,0.3719
비노출_할인어음,0.0928,0.0381,0.7952,0.0344,0.0744,0.5191,0.0803,0.0,0.0067
노출_할인어음,0.8734,0.5241,0.1751,0.2232,0.25,0.1992,0.3719,0.0067,0.0
