지역,기준년월,원YoY,보정YoY,영업일수차,비노출_요구불,노출_요구불,비노출_운전자금,노출_운전자금,비노출_할인어음,노출_할인어음
경북,202304,-26.31,-21.85,-1,-0.0319,0.045,-0.0117,0.0283,-0.0014,-0.0013
경북,202305,-11.71,-11.71,0,-0.0122,0.0334,-0.0004,-0.0234,-0.0017,-0.0056
경북,202306,-7.78,-12.23,1,0.106,-0.1162,-0.0179,0.0304,-0.0015,-0.0043
경북,202307,-11.26,-11.26,0,-0.0578,-0.1847,-0.015,0.0113,-0.0024,-0.0075
경북,202308,-10.74,-10.74,0,-0.0427,-0.1124,-0.0171,0.0356,-0.0012,-0.0034
경북,202309,1.45,5.91,-1,-0.07,0.0678,0.009,0.0232,-0.0006,-0.006
경북,202310,-5.54,-5.54,0,-0.0932,-0.1015,0.014,0.0666,-0.001,-0.005
경북,202311,-2.15,-2.15,0,-0.0439,-0.0547,-0.005,0.0157,-0.0011,-0.0022
경북,202312,-15.35,-6.43,-2,0.2021,0.0161,-0.0665,0.0041,-0.001,-0.0007
경북,202401,-3.43,-12.34,2,0.0241,-0.0528,-0.053,-0.0388,-0.0007,-0.001
경북,202402,-14.68,-10.22,-1,-0.0358,-0.1361,-0.0355,-0.0042,-0.0014,-0.0023
경북,202403,-12.2,-3.29,-2,-0.2843,-0.1932,0.0151,0.0021,-0.0019,-0.008
경북,202404,-0.72,-5.18,1,-0.0419,0.0749,-0.0192,-0.0038,-0.0018,-0.0051
경북,202405,-5.87,-5.87,0,0.0406,0.0777,-0.0203,0.0361,-0.0021,-0.0051
경북,202406,-7.79,1.13,-2,0.0702,-0.1713,-0.0186,0.0294,-0.0017,-0.0061
경북,202407,11.54,2.63,2,0.0039,-0.0705,0.0056,0.0201,-0.0012,-0.0044
경북,202408,9.18,13.63,-1,-0.0306,-0.1521,-0.0011,-0.014,-0.0001,-0.006
경북,202409,0.98,5.43,-1,-0.2166,-0.1567,0.021,0.0062,-0.0017,-0.004
경북,202410,8.0,3.54,1,-0.106,-0.1631,-0.0039,0.023,-0.0015,-0.0013
경북,202411,-7.04,-2.58,-1,-0.0227,0.0191,-0.0074,-0.0212,-0.0014,-0.0013
경북,202412,1.27,-3.19,1,0.2674,0.3509,-0.0681,-0.0455,-0.0006,-0.0054
경북,202501,-16.22,1.61,-4,0.0003,-0.0836,-0.0538,-0.0567,-0.0012,-0.0054
경북,202502,5.63,1.17,1,-0.1195,-0.0905,-0.0332,-0.0398,-0.0016,-0.0076
경북,202503,2.89,2.89,0,-0.2758,-0.1821,0.0219,0.0476,-0.0007,-0.0041
경북,202504,2.64,-1.82,1,-0.058,0.2076,-0.0156,-0.013,-0.0009,-0.0028
경북,202505,-8.74,-4.29,-1,0.0166,-0.0314,-0.0389,-0.0163,-0.0008,-0.0025
경북,202506,-5.06,-5.06,0,0.0601,-0.0123,-0.0225,-0.0238,-0.0009,-0.006
경북,202507,-5.55,-5.55,0,0.0283,-0.0422,-0.0275,-0.0146,-0.0011,-0.0025
경북,202508,-10.27,-5.81,-1,0.0521,0.1027,-0.0048,-0.0018,-0.0008,-0.0028
경북,202509,-3.58,-21.41,4,-0.0317,0.0619,-0.0001,-0.0166,-0.0016,-0.004
경북,202510,-11.46,-2.54,-2,-0.0777,-0.0648,0.017,-0.0378,-0.0004,-0.0005
경북,202511,-4.07,0.39,-1,-0.0848,-0.1915,0.0072,-0.02,-0.0014,-0.0013
경북,202512,3.03,-1.43,1,0.1722,0.0625,-0.0297,-0.0434,-0.0002,-0.0032
대구,202304,17.06,21.52,-1,-0.0452,0.037,-0.0022,0.0684,-0.0005,-0.0018
대구,202305,16.64,16.64,0,-0.0262,0.2207,-0.0166,0.0195,-0.0012,-0.0024
대구,202306,5.08,0.63,1,0.0372,0.1431,-0.0327,0.024,-0.001,-0.0039
대구,202307,-10.07,-10.07,0,-0.0225,-0.0039,-0.0161,0.0187,-0.0018,-0.005
대구,202308,-8.74,-8.74,0,-0.0494,-0.0803,-0.0136,-0.0377,-0.0012,-0.0046
대구,202309,-6.24,-1.78,-1,-0.0322,0.123,0.003,-0.0202,-0.0004,0.0023
대구,202310,-10.94,-10.94,0,-0.0973,0.0062,-0.0012,-0.0433,-0.0003,-0.0025
대구,202311,-11.47,-11.47,0,-0.0296,-0.0095,-0.0034,0.0236,-0.0005,-0.0039
대구,202312,-17.47,-8.56,-2,0.1851,0.0466,-0.0648,-0.051,-0.0008,-0.0005
대구,202401,-2.48,-11.39,2,0.0429,0.0583,-0.0556,-0.0245,-0.001,-0.0013
대구,202402,-25.12,-20.67,-1,0.0095,-0.0402,-0.0581,-0.0523,-0.0009,-0.002
대구,202403,-28.97,-20.05,-2,-0.2547,-0.1455,0.0249,0.048,-0.0015,-0.0017
대구,202405,-30.05,-30.05,0,-0.0029,0.0435,-0.0082,0.0442,-0.0009,-0.0077
대구,202407,-15.92,-24.84,2,0.0018,-0.027,-0.0151,-0.0298,-0.0002,-0.0025
대구,202408,-19.78,-15.32,-1,-0.0569,-0.0128,-0.0025,0.018,-0.0006,-0.0014
대구,202410,-6.12,-10.57,1,-0.081,-0.0174,0.0033,-0.0195,-0.0004,-0.0049
대구,202412,-9.16,-13.62,1,0.2384,0.252,-0.0765,-0.0976,-0.0009,-0.0039
대구,202501,-28.56,-10.73,-4,-0.066,-0.1489,-0.0603,-0.0861,-0.0008,-0.0019
대구,202502,-7.65,-12.11,1,-0.1125,-0.0167,-0.0253,-0.0851,-0.0012,-0.0063
대구,202503,-13.25,-13.25,0,-0.2911,-0.2993,0.0299,0.0342,-0.0008,-0.0047
대구,202504,3.82,-0.64,1,-0.0148,-0.0365,-0.022,0.0438,-0.0007,-0.0019
대구,202505,1.74,6.19,-1,0.0494,-0.0366,-0.0226,0.0335,-0.0002,-0.0028
대구,202506,8.17,8.17,0,0.0835,-0.0366,-0.0204,0.0006,-0.0001,-0.0035
대구,202507,9.57,9.57,0,0.0478,0.0385,-0.0076,-0.0316,-0.0002,-0.0031
대구,202508,5.14,9.6,-1,-0.0223,-0.0331,-0.0168,-0.0264,-0.0002,-0.0008
대구,202509,29.67,11.83,4,-0.031,0.0738,-0.0116,-0.0373,-0.0006,-0.0062
대구,202511,12.45,16.91,-1,-0.0158,-0.0046,0.0071,-0.0658,-0.0007,-0.0045
대구,202510,-6.92,1.99,-2,-0.0639,0.0216,0.0189,-0.023,-0.0008,-0.004
대구,202512,17.4,12.94,1,0.1961,0.1658,-0.067,-0.0866,-0.0004,-0.0037
대구,202404,-16.22,-20.68,1,-0.0628,-0.0808,0.0083,0.0687,-0.0015,-0.0083
대구,202406,-20.45,-11.54,-2,0.0254,-0.0917,-0.0059,0.0203,-0.0002,-0.0052
대구,202409,-26.82,-22.36,-1,-0.1734,-0.0156,0.0056,-0.0247,-0.0013,-0.0048
대구,202411,-23.37,-18.92,-1,-0.0211,-0.0929,-0.0216,0.001,-0.0004,-0.0053
