,팀 분류,회사,불황 행,호황 행,무변동%,↑|불황%,↑|호황%,Δ↑,↓|불황%,↓|호황%,Δ↓
기타 운송장비,,36.0,156.0,469.0,39.2,27.564102564102566,17.48400852878465,10.080094035317916,41.66666666666667,40.511727078891255,1.1549395877754165
"의복, 의복액세서리 및 모피제품",,35.0,485.0,154.0,58.37245696400626,18.969072164948454,12.987012987012985,5.982059177935469,24.123711340206185,24.025974025974026,0.09773731423215892
"전자 부품, 컴퓨터, 영상, 음향 및 통신장비",자금압박형,145.0,922.0,1617.0,58.21189444663253,21.800433839479393,16.079158936301795,5.721274903177598,24.40347071583514,23.191094619666046,1.2123760961690948
"펄프, 종이 및 종이제품",,61.0,779.0,443.0,55.810147299509005,20.79589216944801,16.70428893905192,4.091603230396089,24.90372272143774,24.830699774266364,0.0730229471713777
기타 제품,,103.0,761.0,1095.0,58.7823275862069,20.49934296977661,16.71232876712329,3.787014202653321,22.996057818659658,22.922374429223744,0.07368338943591368
금속 가공제품,자금압박형,324.0,3830.0,3123.0,57.34215446569826,19.712793733681462,17.61127121357669,2.1015225201047727,23.62924281984334,24.207492795389047,-0.578249975545706
화학 물질 및 화학제품,자금압박형,194.0,3037.0,761.0,58.53080568720379,15.541652946987158,13.66622864651774,1.8754243004694189,26.473493579189988,25.624178712220765,0.8493148669692232
고무 및 플라스틱제품,,139.0,1952.0,950.0,60.16540317022743,14.446721311475411,13.157894736842104,1.2888265746333065,26.127049180327873,25.157894736842106,0.9691544434857668
"의료, 정밀, 광학 기기 및 시계",,73.0,572.0,620.0,64.8489932885906,15.034965034965033,14.193548387096774,0.8414166478682592,20.27972027972028,20.806451612903228,-0.5267313331829477
기타 기계 및 장비,자금압박형,406.0,5277.0,2347.0,57.31899265477439,17.983702861474324,17.170856412441417,0.8128464490329073,24.919461815425432,25.010651896037494,-0.09119008061206202
섬유제품,자금압박형,316.0,5101.0,1352.0,58.03502247016892,21.662419133503235,21.153846153846153,0.5085729796570817,20.15291119388355,21.375739644970416,-1.2228284510868654
비금속 광물제품,,133.0,1872.0,754.0,62.7951256664128,13.354700854700855,14.058355437665782,-0.7036545829649263,25.534188034188034,18.96551724137931,6.5686707928087245
전기장비,,115.0,1322.0,788.0,60.28436018957346,18.38124054462935,20.050761421319795,-1.669520876690445,21.860816944024204,18.781725888324875,3.0790910556993296
식료품,자금압박형,297.0,3454.0,1880.0,59.65504311961005,15.547191661841344,17.393617021276594,-1.8464253594352495,24.753908511870296,23.03191489361702,1.7219936182532756
1차 금속,수요소멸형,166.0,2063.0,1380.0,48.56230031948881,22.34609791565681,24.20289855072464,-1.856800635067831,28.599127484246246,27.97101449275362,0.6281129914926247
자동차 및 트레일러,자동차(비유의),338.0,2377.0,4320.0,54.875317306256534,18.721076987799748,20.787037037037038,-2.0659600492372903,25.999158603281447,24.560185185185183,1.4389734180962641
목재 및 나무제품,,46.0,592.0,321.0,45.016429353778754,19.763513513513516,26.791277258566975,-7.027763745053459,34.45945945945946,29.595015576323984,4.8644438831354755
인쇄 및 기록매체 복제업,,28.0,220.0,301.0,57.38963531669866,10.454545454545453,22.259136212624583,-11.80459075807913,32.72727272727273,19.93355481727575,12.793717909996978
