변수,SMD_매칭전,SMD_매칭후
log_초기수신,0.6834,-0.015
log_초기운전,0.6914,0.0101
최우수,0.7433,0.0391
우수,-0.1855,-0.0171
거래기간,0.3522,0.0249
업종_가구 제조업,0.0233,-0.0173
업종_개인 및 소비용품 수리업,-0.0817,0.0114
"업종_건축기술, 엔지니어링 및 기타 과학기술 서비스업",-0.1397,0.0121
업종_고무 및 플라스틱제품 제조업,0.1497,0.0275
업종_교육 서비스업,-0.1755,-0.0102
업종_금속가공제품 제조업; 기계 및 가구 제외,0.0981,-0.0
업종_기타,-0.0075,-0.0172
업종_기타 개인 서비스업,-0.1233,0.0
업종_기타 기계 및 장비 제조업,0.2646,-0.0281
업종_기타 운송장비 제조업,0.0814,0.0038
"업종_기타 전문, 과학 및 기술 서비스업",-0.084,-0.0112
업종_기타 제품 제조업,0.0602,-0.0135
업종_농업,-0.0294,-0.0317
업종_도매 및 상품 중개업,0.0649,-0.0177
업종_목재 및 나무제품 제조업; 가구 제외,0.1017,-0.0
업종_보건업,-0.1059,0.0
업종_부동산업,-0.429,0.0079
업종_비금속 광물제품 제조업,0.0292,-0.021
업종_사업시설 관리 및 조경 서비스업,-0.1067,0.0049
업종_사업지원 서비스업,-0.198,0.0109
업종_사회복지 서비스업,-0.0705,0.0
업종_섬유제품 제조업; 의복제외,0.3129,-0.0296
업종_소매업; 자동차 제외,-0.1355,-0.0075
업종_숙박업,-0.0856,0.0165
업종_스포츠 및 오락관련 서비스업,-0.11,-0.0041
업종_식료품 제조업,0.0706,0.0473
업종_연구개발업,-0.0705,0.0
업종_육상운송 및 파이프라인 운송업,-0.2211,0.0
업종_음식점 및 주점업,-0.1833,0.0
"업종_의료, 정밀, 광학기기 및 시계 제조업",0.1513,-0.0205
업종_의료용 물질 및 의약품 제조업,0.0959,0.0436
"업종_의복, 의복 액세서리 및 모피제품 제조업",0.0851,-0.0329
업종_인쇄 및 기록매체 복제업,-0.0827,0.0
업종_임대업; 부동산 제외,-0.0998,0.0
업종_자동차 및 부품 판매업,0.0358,-0.0334
업종_자동차 및 트레일러 제조업,0.2489,0.0223
"업종_전기, 가스, 증기 및 공기조절 공급업",-0.0885,-0.0
업종_전기장비 제조업,0.0922,-0.0049
업종_전문 서비스업,-0.1868,0.0
업종_전문직별 공사업,-0.3491,0.004
"업종_전자부품, 컴퓨터, 영상, 음향 및 통신장비 제조업",0.095,0.0222
업종_정보서비스업,-0.0596,0.0132
업종_종합 건설업,-0.3049,0.0055
업종_창고 및 운송관련 서비스업,-0.1054,-0.0
"업종_창작, 예술 및 여가관련 서비스업",-0.0487,-0.0358
업종_출판업,-0.0732,0.0182
"업종_컴퓨터 프로그래밍, 시스템 통합 및 관리업",-0.027,0.0188
"업종_펄프, 종이 및 종이제품 제조업",0.044,-0.0148
"업종_폐기물 수집, 운반, 처리 및 원료 재생업",-0.0565,0.0064
업종_협회 및 단체,-0.1216,-0.0
업종_화학물질 및 화학제품 제조업; 의약품 제외,0.2478,0.0448
