h,SE_합친대각,SE_h별,상대차,계정
-6,0.1389920838054304,0.1389920838054304,0.0,요구불
-5,0.1203517437383964,0.1203517437383964,4.440892098500626e-16,요구불
-4,0.0822106565207844,0.0822106565207845,-5.551115123125784e-16,요구불
-3,0.0784577809919772,0.0784577809919772,0.0,요구불
-2,0.0475014767035721,0.0475014767035722,-2.220446049250313e-15,요구불
-6,0.1241787992702508,0.1241787992702507,2.220446049250313e-16,운전자금
-5,0.0988518897037685,0.0988518897037685,-1.1102230246251563e-16,운전자금
-4,0.0667169784929495,0.0667169784929495,0.0,운전자금
-3,0.0425195518652182,0.0425195518652182,6.661338147750939e-16,운전자금
-2,0.0152715809238803,0.0152715809238803,-1.5543122344752194e-15,운전자금
-6,0.6675796394209932,0.6675796394209933,-1.1102230246251563e-16,거치식
-5,0.5113963586449697,0.5113963586449697,0.0,거치식
-4,0.3884717518398439,0.3884717518398438,2.220446049250313e-16,거치식
-3,0.2970649007821812,0.2970649007821812,2.220446049250313e-16,거치식
-2,0.1522665942481981,0.1522665942481981,0.0,거치식
-6,0.4114059016335325,0.4114059016335324,2.220446049250313e-16,적립식
-5,0.3210994577482581,0.3210994577482581,0.0,적립식
-4,0.2357959205439118,0.2357959205439117,2.220446049250313e-16,적립식
-3,0.1365713706329531,0.1365713706329531,2.220446049250313e-16,적립식
-2,0.0485068769809113,0.0485068769809112,8.881784197001252e-16,적립식
