분석,모형,h,β3,SE,p,CI_lo,CI_hi,환산,단위,γ,N,노출법인,비노출법인,월,pf_β3,pf_SE,p_holm,p_holm_h0_3
입금,입금,-6,0.03550373339877131,0.09305849058116131,0.7055981373443581,-0.15482224998994684,0.22582971678748945,-0.3544078216667135,%,0.017151039484751912,193323,980,8537,30,0.03550303502672072,0.09318413278879725,,
입금,입금,-5,0.030054065453273524,0.1301848445220157,0.8189931881616648,-0.2358188567418982,0.29592698764844527,-0.30008948320520146,%,0.008425390729113233,201585,987,8677,31,,,,
입금,입금,-4,0.04232215046809773,0.0698908849889335,0.5492243003117097,-0.10022124924737708,0.18486555018357254,-0.4223271845673726,%,-0.0012213680925960808,211229,997,8905,32,,,,
입금,입금,-3,-0.034245837196192674,0.09550533024761655,0.7222678746905141,-0.22878382885573142,0.16029215446334608,0.3430454305970887,%,0.01505177314030807,220317,1001,9058,33,,,,
입금,입금,-2,0.04011980781315403,0.08360103045965397,0.634466910189258,-0.12996776753954006,0.2102073831658481,-0.40039435384344735,%,0.008357756810264332,228822,1001,9149,34,0.04011906064906417,0.08320342918727892,,
입금,입금,0,-0.09369768602767413,0.057302760405910626,0.11124709500760104,-0.21015090623133476,0.02275553417598651,0.9413802305686669,%,0.020964047703731843,246418,1019,9426,35,-0.0936973065362993,0.0568550024020155,,
입금,입금,1,-0.02082587581605614,0.08123765246387037,0.7992663093135235,-0.18610512248267333,0.14445337085056106,0.2084757673330273,%,0.0027217891564474787,228822,1001,9149,34,,,1.0,
입금,입금,2,-0.038218111363705114,0.06505602821835314,0.5610145243387471,-0.1707329044347499,0.09429668170733965,0.38291235691629844,%,0.008910854923991627,220305,1000,9059,33,,,1.0,
입금,입금,3,-0.04781281180968099,0.08392812133178959,0.5729951400705448,-0.21898534379665513,0.12335972017729313,0.47927297448291384,%,0.007193094592016519,211247,996,8916,32,,,1.0,
입금,입금,4,-0.09853477619758802,0.09967135180093495,0.33076735635985594,-0.3020908326629482,0.10502128026777219,0.9902182971280871,%,0.006018281344361034,201603,988,8678,31,,,1.0,
입금,입금,5,-0.07900738452693784,0.09034787913488121,0.3890419381318022,-0.2637895450374197,0.10577477598354404,0.7932031645564441,%,0.004074137526936067,193397,982,8541,30,,,1.0,
입금,입금,6,0.03065609597259078,0.09178909456249104,0.7408801610050701,-0.15736534086813495,0.2186775328133165,-0.3060915414227039,%,0.007390985891657868,184846,974,8362,29,0.030656182525046788,0.09227787602083322,1.0,
입금,입금,7,-0.018613750670248314,0.12256459019840446,0.8804194524114899,-0.27009551707923496,0.23286801573873836,0.18631085009517268,%,0.011526993347310627,175944,970,8149,28,,,1.0,
입금,입금,8,0.025437328201137022,0.07679386866587376,0.7431169712504744,-0.132414729548841,0.18328938595111507,-0.2540500273276347,%,-0.005742843320725315,168143,960,8039,27,,,1.0,
입금,입금,9,-0.024887348495220018,0.09912047145299342,0.8038031094584537,-0.2290297808197426,0.17925508382930258,0.24918343208182314,%,0.00538430968147202,160179,952,7928,26,,,1.0,
입금,입금,10,-0.10045713433561253,0.12721699231716366,0.43746367435125316,-0.3630201017936501,0.162105833122425,1.009634100075063,%,0.010192401631023893,152033,943,7753,25,,,1.0,
입금,입금,11,-0.07528597123461882,0.08981978832120707,0.4105509684220407,-0.2610923599115118,0.11052041744227419,0.7557008264710285,%,0.005081113800607281,144895,935,7635,24,,,1.0,
입금,입금,12,-0.10691564067002446,0.09743579164981937,0.2843787875222372,-0.30898510482249275,0.0951538234824438,1.074892307501174,%,0.015228974067696991,137190,930,7497,23,-0.10691537476194865,0.09864240148532175,1.0,
출금,출금,-6,0.003938501151228521,0.08247484281160031,0.9622396822804137,-0.16474149209729178,0.1726184943997488,-0.039377256634742785,%,0.0037742449174875386,193323,980,8537,30,,,,
출금,출금,-5,-0.04154428566832795,0.06376670284169551,0.5196810676080146,-0.17177326651106856,0.08868469517441267,0.41630701680186455,%,-0.0012962878030165711,201585,987,8677,31,,,,
출금,출금,-4,6.506300629296021e-05,0.06407715972481065,0.9991963460389524,-0.13062116585934874,0.13075129187193468,-0.0006506279463414089,%,-0.003393575049700769,211229,997,8905,32,,,,
출금,출금,-3,-0.06707340642395317,0.05351190621792836,0.2191303703409278,-0.1760735924713614,0.04192677962345505,0.6729885228194732,%,0.0029649936113816267,220317,1001,9058,33,,,,
출금,출금,-2,0.013598942817575314,0.055431046021961625,0.8077196240936324,-0.0991763682677239,0.12637425390287452,-0.1358970044531227,%,-0.0009315468394105707,228822,1001,9149,34,,,,
출금,출금,0,-0.019351206379334674,0.036742276173558554,0.601839344985002,-0.09402049539288428,0.055318082634214935,0.19369941921980605,%,0.00400675237139788,246418,1019,9426,35,,,,
출금,출금,1,0.03118443677210046,0.0314115001705848,0.3280454967515847,-0.032722740840786815,0.09509161438498774,-0.3113586382105016,%,0.003147634547189816,228822,1001,9149,34,,,1.0,
출금,출금,2,0.019438875933967432,0.04316163939003756,0.6554775002603548,-0.068478506498001,0.10735625836593585,-0.19419994675418106,%,0.0029794555819268502,220305,1000,9059,33,,,1.0,
출금,출금,3,0.04878964266122675,0.050246386712354485,0.33906012775244354,-0.05368853867145405,0.15126782399390754,-0.48670814530957784,%,0.001859320839448594,211247,996,8916,32,,,1.0,
출금,출금,4,0.016085335888891543,0.05958640572839013,0.7890472340168471,-0.10560633930018992,0.137777011077973,-0.16072405921050414,%,0.006881045919543372,201603,988,8678,31,,,1.0,
출금,출금,5,0.0201759170852411,0.05640445805867165,0.7231576116939875,-0.09518415248478501,0.13553598665526723,-0.2015557738509921,%,0.003436771506962347,193397,982,8541,30,,,1.0,
출금,출금,6,0.06587924290295438,0.06284862392775097,0.3035011029657125,-0.06286032720265422,0.19461881300856299,-0.6566271492159048,%,0.0019573088222146523,184846,974,8362,29,,,1.0,
출금,출금,7,0.01916051000546406,0.07936049654625155,0.8110411356538847,-0.1436737786111631,0.18199479862209123,-0.19142165466508043,%,0.004896397196375494,175944,970,8149,28,,,1.0,
출금,출금,8,0.0717271490971652,0.06861388287346577,0.3054724094971138,-0.06931070704883778,0.21276500524316816,-0.7147052383447039,%,0.0022187654081200978,168143,960,8039,27,,,1.0,
출금,출금,9,0.052440952395500104,0.07163819421984093,0.4709605658828333,-0.09510067044989069,0.19998257524089091,-0.5230368976534616,%,-0.005219479663238443,160179,952,7928,26,,,1.0,
출금,출금,10,0.013501836632117827,0.07725809178997571,0.8627320103256706,-0.14595102788733894,0.17295470115157457,-0.13492725753410095,%,0.009508026611939911,152033,943,7753,25,,,1.0,
출금,출금,11,0.032475018164177014,0.08067642546255595,0.6910077789049994,-0.13441688335034446,0.19936691967869846,-0.3242234385933296,%,0.002953033574552562,144895,935,7635,24,,,1.0,
출금,출금,12,0.026957869310651222,0.07700012118675939,0.7295920355444186,-0.1327306082439152,0.18664634686521764,-0.2692156560444192,%,-0.0009987406246681294,137190,930,7497,23,,,1.0,
수출점검_3개월합,수출_3개월합,0,0.004777973748925821,0.0059594096711771015,0.4286097805649493,-0.007360946517633416,0.01691689401548506,-0.04776832479040927,%,0.00021511995650470926,11019,506,0,33,,,,1.0
수출점검_3개월합,수출_3개월합,1,0.0022670883308581187,0.01101184341316394,0.838232865802877,-0.020191714379901457,0.024725891041617695,-0.02266831365802524,%,-0.0006781952961649712,10078,491,0,32,,,1.0,1.0
수출점검_3개월합,수출_3개월합,2,0.013424160959160734,0.017727961029754418,0.45481823984638614,-0.022781165558288442,0.04962948747660991,-0.13415154584839328,%,-0.00014056507756092718,9254,481,0,31,,,1.0,1.0
수출점검_3개월합,수출_3개월합,3,0.010604239460135495,0.022925479019638664,0.6471371118742194,-0.0362836297909209,0.05749210871119189,-0.10598618952292194,%,-0.0010549413056982777,8507,472,0,30,,,1.0,1.0
수출점검_3개월합,수출_3개월합,4,0.01978769024207489,0.02508321239614543,0.43681015256248407,-0.031592941169356424,0.0711683216535062,-0.1976812551463869,%,0.000528937526873162,8161,477,0,29,,,1.0,
수출점검_3개월합,수출_3개월합,5,0.006897236714069892,0.029062738966606657,0.8141983073470187,-0.052734577990114335,0.06652905141825412,-0.06894858667118031,%,0.0007672562120251267,7813,475,0,28,,,1.0,
수출점검_3개월합,수출_3개월합,6,-0.009242006002745001,0.031395737497131496,0.7708116224673668,-0.07377686867600271,0.05529285667051271,0.09246278052468249,%,0.0012134158879491643,7460,470,0,27,,,1.0,
수출점검_3개월합,수출_3개월합,7,-0.028750972187519232,0.033301716958195164,0.39615356762863096,-0.09733714213580044,0.03983519776076197,0.28792342746231103,%,-8.702605874379195e-06,7123,465,0,26,,,1.0,
수출점검_3개월합,수출_3개월합,8,-0.029718849931484586,0.03455359882149023,0.39825554799685164,-0.10103397283823007,0.04159627297526089,0.29763054212712525,%,0.0004559671896302651,6810,460,0,25,,,1.0,
수출점검_3개월합,수출_3개월합,9,-0.026961232569915748,0.03785644045642385,0.48350554479016544,-0.1052732462234725,0.051350781083641,0.26997610658923143,%,-0.0005963446724398293,6523,454,0,24,,,1.0,
수출점검_3개월합,수출_3개월합,10,-0.031745007554215325,0.04038265714250009,0.44019151293788844,-0.11549351261244836,0.05200349750401772,0.3179544818993518,%,0.0001416722685329067,6231,451,0,23,,,1.0,
수출점검_3개월합,수출_3개월합,11,-0.05490695905185497,0.03984912324303872,0.18274987979296659,-0.13777774744833787,0.02796382934462792,0.5505797402539203,%,-0.0013943133113994183,5919,452,0,22,,,1.0,
수출점검_3개월합,수출_3개월합,12,-0.04466171111108032,0.04061921892634277,0.28460009712371764,-0.12939191704792108,0.040068494825760456,0.44761593174484915,%,0.0006279270821606902,5611,449,0,21,,,1.0,
수출점검_월(참고),수출_월(참고),0,7.486355866684817e-05,,,,,-0.0007486327843975182,%,0.0013230743894070156,13396,524,0,35,,,,0.5900460525580675
수출점검_월(참고),수출_월(참고),1,0.011366136415862963,0.0019243703319540076,1.27062286177275e-06,0.007450975537544873,0.015281297294181054,-0.1135967940961713,%,3.816484263190216e-05,12101,515,0,34,,,1.5247474341273001e-05,5.082491447091e-06
수출점검_월(참고),수출_월(참고),2,0.01591328896136353,0.003863723476521525,0.00025066060769879503,0.008043141782127256,0.023783436140599808,-0.1590063403669073,%,0.0004987166581660924,11708,516,0,33,,,0.002757266684686745,0.0007519818230963851
수출점검_월(참고),수출_월(참고),3,0.008945462514169708,0.008398112153115141,0.29502302627903376,-0.008182600146453719,0.026073525174793135,-0.08941462641969267,%,0.0013591164891308147,11298,514,0,32,,,1.0,0.5900460525580675
수출점검_월(참고),수출_월(참고),4,0.011639764539367426,0.008058654634223261,0.15899585003012456,-0.004818203854951065,0.028097732933685917,-0.11632992961014832,%,0.0011797032572342192,10888,510,0,31,,,1.0,
수출점검_월(참고),수출_월(참고),5,0.005299126257944178,0.008038316149464677,0.5149470636901837,-0.011141076203774997,0.021739328719663352,-0.05297722468962096,%,0.001433816166258284,10485,509,0,30,,,1.0,
수출점검_월(참고),수출_월(참고),6,0.009771899118363033,0.010209070969428559,0.34666958502060286,-0.011140434766508932,0.030684233003235,-0.09767126172561813,%,0.0009722711510856086,10070,504,0,29,,,1.0,
수출점검_월(참고),수출_월(참고),7,-0.0034921903622725115,0.011056161177490673,0.7545381217737949,-0.02617755926137247,0.01919317853682745,0.0349280020293552,%,-0.00048744339128359147,9671,504,0,28,,,1.0,
수출점검_월(참고),수출_월(참고),8,-0.0019160521098636055,0.012090536121335498,0.8753067338624154,-0.026768505036243746,0.022936400816516534,0.019162356843716033,%,0.0033874277547306132,9271,498,0,27,,,1.0,
수출점검_월(참고),수출_월(참고),9,-0.0021974325134463996,0.011950136428666809,0.8555882382552059,-0.026809199198947295,0.022414334172054497,0.02197673966615188,%,0.000875821538220939,8877,493,0,26,,,1.0,
수출점검_월(참고),수출_월(참고),10,-0.004912054651764818,0.012318342095448034,0.6935962503286632,-0.030335863184201964,0.020511753880672327,0.0491326126336622,%,0.0019768005406157,8489,491,0,25,,,1.0,
수출점검_월(참고),수출_월(참고),11,-0.006381002762432381,0.012373332263885553,0.6109817519485039,-0.03197719071636279,0.019215185191498025,0.06383039055342099,%,0.0021425306623919557,8126,487,0,24,,,1.0,
수출점검_월(참고),수출_월(참고),12,0.005891340489422347,0.012019023757167261,0.6288678508384022,-0.01903458918306548,0.030817270161910177,-0.05889605435527301,%,0.0021955183349102072,7747,485,0,23,,,1.0,
