연월,페르소나,추천1_상품명,법인수
202507,A 결제형,상업어음할인,48
202507,B 차입운영형,기업통장대출,144
202507,C 설비투자형,기업운전자금대출,136
202507,D 현금비축형,기업통장대출,5
202507,E 요구불중심형,기업운전자금대출,9
202508,A 결제형,상업어음할인,46
202508,B 차입운영형,기업통장대출,145
202508,C 설비투자형,기업운전자금대출,133
202508,D 현금비축형,기업통장대출,-1
202508,E 요구불중심형,기업운전자금대출,9
202509,A 결제형,상업어음할인,44
202509,B 차입운영형,기업통장대출,133
202509,C 설비투자형,기업운전자금대출,134
202509,D 현금비축형,기업통장대출,6
202509,E 요구불중심형,기업운전자금대출,8
202510,A 결제형,상업어음할인,39
202510,B 차입운영형,기업통장대출,132
202510,C 설비투자형,기업운전자금대출,129
202510,D 현금비축형,기업통장대출,6
202510,E 요구불중심형,기업운전자금대출,8
