페르소나,세그먼트,추천1_상품명,추천2_상품명,추천3_상품명,제안메시지,법인수
A 결제형,수출형,상업어음할인,수출환 어음매입,외화대출,"수출 대금을 먼저 현금화할 수 있는지, 이용 조건을 상담해 보세요",37
A 결제형,수입형,상업어음할인,수입물품대도,외화대출,"수입 대금 결제를 미룰 수 있는지, 이용 조건을 상담해 보세요",11
B 차입운영형,수출형,기업통장대출,기업운전자금대출,,"운전자금 한도를 늘릴 수 있는지, 미리 조건을 상담해 보세요",73
B 차입운영형,수입형,기업통장대출,기업운전자금대출,,"운전자금 한도를 늘릴 수 있는지, 미리 조건을 상담해 보세요",71
C 설비투자형,수출형,기업운전자금대출,기업통장대출,,시설자금 상환 부담을 운전자금으로 나눌 수 있는지 상담해 보세요,71
C 설비투자형,수입형,기업운전자금대출,기업통장대출,,시설자금 상환 부담을 운전자금으로 나눌 수 있는지 상담해 보세요,64
C 설비투자형,수출형,기업운전자금대출,기업통장대출,상업어음할인,시설자금 상환 부담을 운전자금으로 나눌 수 있는지 상담해 보세요,-1
D 현금비축형,수출형,기업통장대출,당좌대출,,"예금은 그대로 두고 쓸 수 있는 한도대출, 이용 조건을 상담해 보세요",-1
D 현금비축형,수입형,기업통장대출,당좌대출,,"예금은 그대로 두고 쓸 수 있는 한도대출, 이용 조건을 상담해 보세요",-1
E 요구불중심형,수출형,기업운전자금대출,기업통장대출,,기업 대출이 처음이라면 통장 한도대출 이용 조건부터 알아보세요,5
E 요구불중심형,수입형,기업운전자금대출,기업통장대출,,기업 대출이 처음이라면 통장 한도대출 이용 조건부터 알아보세요,-1
