버전,범위,지역월,하락월,포착,포착률,신호켜짐,신호켜짐비율,오경보율,위약_p,위약_평균포착률,in,out,in/out 일관
① 원본,통합,66,45,23,0.5111111111111111,32,0.48484848484848486,0.28125,0.3880597014925373,0.48955555555555563,False,True,False
① 원본,대구(탐색적),33,22,15,0.6818181818181818,18,0.5454545454545454,0.16666666666666666,0.05472636815920398,0.5461363636363636,True,True,True
① 원본,경북,33,23,9,0.391304347826087,16,0.48484848484848486,0.4375,0.9850746268656716,0.4826086956521739,False,False,False
② 대경 한정,통합,66,45,24,0.5333333333333333,34,0.5151515151515151,0.29411764705882354,0.4577114427860697,0.5184444444444444,False,True,False
② 대경 한정,대구(탐색적),33,22,15,0.6818181818181818,18,0.5454545454545454,0.16666666666666666,0.05472636815920398,0.5461363636363636,True,True,True
② 대경 한정,경북,33,23,9,0.391304347826087,16,0.48484848484848486,0.4375,0.9850746268656716,0.4826086956521739,False,False,False
③ 대경+달력 보정,통합,66,45,23,0.5111111111111111,35,0.5303030303030303,0.34285714285714286,0.736318407960199,0.5293333333333333,True,True,True
③ 대경+달력 보정,대구(탐색적),33,22,13,0.5909090909090909,17,0.5151515151515151,0.23529411764705882,0.15920398009950248,0.5102272727272726,True,True,True
③ 대경+달력 보정,경북,33,23,10,0.43478260869565216,18,0.5454545454545454,0.4444444444444444,1.0,0.542608695652174,False,False,False
