hs4,ksic,w,수동,업종명
0101,비제조,1.0,,비제조
0102,비제조,1.0,,비제조
0103,비제조,1.0,,비제조
0104,비제조,1.0,,비제조
0105,비제조,1.0,,비제조
0106,비제조,1.0,,비제조
0201,10,1.0,,식료품 제조업
0202,10,1.0,,식료품 제조업
0203,10,1.0,,식료품 제조업
0204,10,1.0,,식료품 제조업
0205,10,1.0,,식료품 제조업
0206,10,1.0,,식료품 제조업
0207,10,1.0,,식료품 제조업
0208,10,1.0,,식료품 제조업
0209,10,1.0,,식료품 제조업
0210,10,1.0,,식료품 제조업
0301,비제조,1.0,,비제조
0302,10,0.022222222222222223,,식료품 제조업
0302,비제조,0.9777777777777779,,비제조
0303,10,1.0,,식료품 제조업
0304,10,1.0,,식료품 제조업
0305,10,1.0,,식료품 제조업
0306,10,0.5666666666666667,,식료품 제조업
0306,비제조,0.43333333333333335,,비제조
0307,10,0.6428571428571428,,식료품 제조업
0307,비제조,0.3571428571428571,,비제조
0308,10,0.625,,식료품 제조업
0308,비제조,0.375,,비제조
0401,10,0.35714285714285715,,식료품 제조업
0401,비제조,0.6428571428571428,,비제조
0402,10,1.0,,식료품 제조업
0403,10,1.0,,식료품 제조업
0404,10,1.0,,식료품 제조업
0405,10,1.0,,식료품 제조업
0406,10,1.0,,식료품 제조업
0407,10,0.2,,식료품 제조업
0407,비제조,0.8,,비제조
0408,10,1.0,,식료품 제조업
0409,비제조,1.0,,비제조
0410,비제조,1.0,,비제조
0501,33,1.0,,기타 제품 제조업
0502,미연결,1.0,,미연결
0504,10,0.8333333333333333,,식료품 제조업
0504,미연결,0.16666666666666666,,미연결
0505,미연결,1.0,,미연결
0506,미연결,1.0,,미연결
0507,미연결,1.0,,미연결
0508,비제조,1.0,,비제조
0510,미연결,1.0,,미연결
0511,10,0.3333333333333333,,식료품 제조업
0511,미연결,0.08333333333333333,,미연결
0511,비제조,0.5833333333333333,,비제조
0601,비제조,1.0,,비제조
0602,비제조,1.0,,비제조
0603,비제조,1.0,,비제조
0604,비제조,1.0,,비제조
0701,비제조,1.0,,비제조
0702,비제조,1.0,,비제조
0703,비제조,1.0,,비제조
0704,비제조,1.0,,비제조
0705,비제조,1.0,,비제조
0706,비제조,1.0,,비제조
0707,비제조,1.0,,비제조
0708,비제조,1.0,,비제조
0709,비제조,1.0,,비제조
0710,10,1.0,,식료품 제조업
0711,10,1.0,,식료품 제조업
0712,10,1.0,,식료품 제조업
0713,비제조,1.0,,비제조
0714,비제조,1.0,,비제조
0801,10,0.5,,식료품 제조업
0801,비제조,0.5,,비제조
0802,10,0.4888888888888889,,식료품 제조업
0802,비제조,0.5111111111111111,,비제조
0803,10,0.5,,식료품 제조업
0803,비제조,0.5,,비제조
0804,10,0.5,,식료품 제조업
0804,비제조,0.5,,비제조
0805,10,0.5,,식료품 제조업
0805,비제조,0.5,,비제조
0806,10,0.5,,식료품 제조업
0806,비제조,0.5,,비제조
0807,비제조,1.0,,비제조
0808,비제조,1.0,,비제조
0809,비제조,1.0,,비제조
0810,비제조,1.0,,비제조
0811,10,1.0,,식료품 제조업
0812,10,1.0,,식료품 제조업
0813,10,1.0,,식료품 제조업
0814,10,1.0,,식료품 제조업
0901,10,0.7000000000000001,,식료품 제조업
0901,미연결,0.1,,미연결
0901,비제조,0.2,,비제조
0902,10,0.5,,식료품 제조업
0902,비제조,0.5,,비제조
0903,비제조,1.0,,비제조
0904,10,0.5,,식료품 제조업
0904,비제조,0.5,,비제조
0905,10,0.5,,식료품 제조업
0905,비제조,0.5,,비제조
0906,10,0.3333333333333333,,식료품 제조업
0906,비제조,0.6666666666666666,,비제조
0907,10,0.5,,식료품 제조업
0907,비제조,0.5,,비제조
0908,10,0.5,,식료품 제조업
0908,비제조,0.5,,비제조
0909,10,0.5,,식료품 제조업
0909,비제조,0.5,,비제조
0910,10,0.5,,식료품 제조업
0910,비제조,0.5,,비제조
1001,비제조,1.0,,비제조
1002,비제조,1.0,,비제조
1003,비제조,1.0,,비제조
1004,비제조,1.0,,비제조
1005,비제조,1.0,,비제조
1006,10,0.75,,식료품 제조업
1006,비제조,0.25,,비제조
1007,비제조,1.0,,비제조
1008,비제조,1.0,,비제조
1101,10,1.0,,식료품 제조업
1102,10,1.0,,식료품 제조업
1103,10,1.0,,식료품 제조업
1104,10,1.0,,식료품 제조업
1105,10,1.0,,식료품 제조업
1106,10,1.0,,식료품 제조업
1107,11,1.0,,음료 제조업
1108,10,1.0,,식료품 제조업
1109,10,1.0,,식료품 제조업
1201,비제조,1.0,,비제조
1202,10,0.3333333333333333,,식료품 제조업
1202,비제조,0.6666666666666666,,비제조
1203,비제조,1.0,,비제조
1204,비제조,1.0,,비제조
1205,비제조,1.0,,비제조
1206,비제조,1.0,,비제조
1207,비제조,1.0,,비제조
1208,10,1.0,,식료품 제조업
1209,비제조,1.0,,비제조
1210,비제조,1.0,,비제조
1211,비제조,1.0,,비제조
1212,10,0.03571428571428571,,식료품 제조업
1212,비제조,0.9642857142857142,,비제조
1213,비제조,1.0,,비제조
1214,10,0.5,,식료품 제조업
1214,비제조,0.5,,비제조
1301,비제조,1.0,,비제조
1302,10,0.8148148148148148,,식료품 제조업
1302,비제조,0.18518518518518517,,비제조
1401,비제조,1.0,,비제조
1404,10,0.5,,식료품 제조업
1404,비제조,0.5,,비제조
1501,10,1.0,,식료품 제조업
1502,10,1.0,,식료품 제조업
1503,10,1.0,,식료품 제조업
1504,10,1.0,,식료품 제조업
1505,10,1.0,,식료품 제조업
1506,10,1.0,,식료품 제조업
1507,10,1.0,,식료품 제조업
1508,10,1.0,,식료품 제조업
1509,10,1.0,,식료품 제조업
1510,10,1.0,,식료품 제조업
1511,10,1.0,,식료품 제조업
1512,10,1.0,,식료품 제조업
1513,10,1.0,,식료품 제조업
1514,10,1.0,,식료품 제조업
1515,10,1.0,,식료품 제조업
1516,10,1.0,,식료품 제조업
1517,10,1.0,,식료품 제조업
1518,20,1.0,,화학 물질 및 화학제품 제조업; 의약품 제외
1520,20,1.0,,화학 물질 및 화학제품 제조업; 의약품 제외
1521,10,1.0,,식료품 제조업
1522,10,1.0,,식료품 제조업
1601,10,1.0,,식료품 제조업
1602,10,1.0,,식료품 제조업
1603,10,1.0,,식료품 제조업
1604,10,1.0,,식료품 제조업
1605,10,0.9444444444444444,,식료품 제조업
1605,비제조,0.05555555555555555,,비제조
1701,10,1.0,,식료품 제조업
1702,10,1.0,,식료품 제조업
1703,10,1.0,,식료품 제조업
1704,10,1.0,,식료품 제조업
1801,비제조,1.0,,비제조
1802,미연결,1.0,,미연결
1803,10,1.0,,식료품 제조업
1804,10,1.0,,식료품 제조업
1805,10,1.0,,식료품 제조업
1806,10,1.0,,식료품 제조업
1901,10,1.0,,식료품 제조업
1902,10,1.0,,식료품 제조업
1903,10,1.0,,식료품 제조업
1904,10,1.0,,식료품 제조업
1905,10,1.0,,식료품 제조업
2001,10,1.0,,식료품 제조업
2002,10,1.0,,식료품 제조업
2003,10,1.0,,식료품 제조업
2004,10,1.0,,식료품 제조업
2005,10,1.0,,식료품 제조업
2006,10,1.0,,식료품 제조업
2007,10,1.0,,식료품 제조업
2008,10,1.0,,식료품 제조업
2009,10,1.0,,식료품 제조업
2101,10,1.0,,식료품 제조업
2102,10,1.0,,식료품 제조업
2103,10,1.0,,식료품 제조업
2104,10,1.0,,식료품 제조업
2105,10,1.0,,식료품 제조업
2106,10,1.0,,식료품 제조업
2201,11,0.625,,음료 제조업
2201,비제조,0.375,,비제조
2202,11,1.0,,음료 제조업
2203,11,1.0,,음료 제조업
2204,11,1.0,,음료 제조업
2205,11,1.0,,음료 제조업
2206,11,1.0,,음료 제조업
2207,20,1.0,,화학 물질 및 화학제품 제조업; 의약품 제외
2208,11,1.0,,음료 제조업
2209,10,1.0,,식료품 제조업
2301,10,1.0,,식료품 제조업
2302,미연결,1.0,,미연결
2303,미연결,1.0,,미연결
2304,10,1.0,,식료품 제조업
2305,10,1.0,,식료품 제조업
2306,10,1.0,,식료품 제조업
2307,미연결,1.0,,미연결
2308,미연결,1.0,,미연결
2309,10,1.0,,식료품 제조업
2401,12,0.3333333333333333,,담배 제조업
2401,미연결,0.3333333333333333,,미연결
2401,비제조,0.3333333333333333,,비제조
2402,12,1.0,,담배 제조업
2403,12,1.0,,담배 제조업
2501,10,0.5,,식료품 제조업
2501,비제조,0.5,,비제조
2502,비제조,1.0,,비제조
2503,20,1.0,,화학 물질 및 화학제품 제조업; 의약품 제외
2504,비제조,1.0,,비제조
2505,비제조,1.0,,비제조
2506,비제조,1.0,,비제조
2507,비제조,1.0,,비제조
2508,비제조,1.0,,비제조
2509,비제조,1.0,,비제조
2510,비제조,1.0,,비제조
2511,비제조,1.0,,비제조
2512,비제조,1.0,,비제조
2513,비제조,1.0,,비제조
2514,비제조,1.0,,비제조
2515,비제조,1.0,,비제조
2516,비제조,1.0,,비제조
2517,23,0.2,,비금속 광물제품 제조업
2517,비제조,0.8,,비제조
2518,23,0.6666666666666666,,비금속 광물제품 제조업
2518,비제조,0.3333333333333333,,비제조
2519,비제조,1.0,,비제조
2520,23,0.5,,비금속 광물제품 제조업
2520,비제조,0.5,,비제조
2521,비제조,1.0,,비제조
2522,23,1.0,,비금속 광물제품 제조업
2523,23,1.0,,비금속 광물제품 제조업
2524,비제조,1.0,,비제조
2525,미연결,0.3333333333333333,,미연결
2525,비제조,0.6666666666666666,,비제조
2526,비제조,1.0,,비제조
2528,비제조,1.0,,비제조
2529,비제조,1.0,,비제조
2530,비제조,1.0,,비제조
2601,20,0.3333333333333333,,화학 물질 및 화학제품 제조업; 의약품 제외
2601,비제조,0.6666666666666666,,비제조
2602,비제조,1.0,,비제조
2603,비제조,1.0,,비제조
2604,비제조,1.0,,비제조
2605,비제조,1.0,,비제조
2606,비제조,1.0,,비제조
2607,비제조,1.0,,비제조
2608,비제조,1.0,,비제조
2609,비제조,1.0,,비제조
2610,비제조,1.0,,비제조
2611,비제조,1.0,,비제조
2612,비제조,1.0,,비제조
2613,비제조,1.0,,비제조
2614,비제조,1.0,,비제조
2615,비제조,1.0,,비제조
2616,비제조,1.0,,비제조
2617,비제조,1.0,,비제조
2618,미연결,1.0,,미연결
2619,미연결,1.0,,미연결
2620,미연결,1.0,,미연결
2621,미연결,1.0,,미연결
2701,19,0.25,,"코크스, 연탄 및 석유정제품 제조업"
2701,비제조,0.75,,비제조
2702,19,0.5,,"코크스, 연탄 및 석유정제품 제조업"
2702,비제조,0.5,,비제조
2703,비제조,1.0,,비제조
2704,19,1.0,,"코크스, 연탄 및 석유정제품 제조업"
2705,비제조,1.0,,비제조
2706,19,1.0,,"코크스, 연탄 및 석유정제품 제조업"
2707,20,1.0,,화학 물질 및 화학제품 제조업; 의약품 제외
2708,20,1.0,,화학 물질 및 화학제품 제조업; 의약품 제외
2709,비제조,1.0,,비제조
2710,19,0.6000000000000001,,"코크스, 연탄 및 석유정제품 제조업"
2710,미연결,0.4,,미연결
2711,19,0.7142857142857142,,"코크스, 연탄 및 석유정제품 제조업"
2711,비제조,0.2857142857142857,,비제조
2712,19,1.0,,"코크스, 연탄 및 석유정제품 제조업"
2713,19,1.0,,"코크스, 연탄 및 석유정제품 제조업"
2714,비제조,1.0,,비제조
2715,23,1.0,,비금속 광물제품 제조업
2716,비제조,1.0,,비제조
2801,20,1.0,,화학 물질 및 화학제품 제조업; 의약품 제외
2802,20,1.0,,화학 물질 및 화학제품 제조업; 의약품 제외
2803,20,1.0,,화학 물질 및 화학제품 제조업; 의약품 제외
2804,20,1.0,,화학 물질 및 화학제품 제조업; 의약품 제외
2805,20,1.0,,화학 물질 및 화학제품 제조업; 의약품 제외
2806,20,1.0,,화학 물질 및 화학제품 제조업; 의약품 제외
2807,20,1.0,,화학 물질 및 화학제품 제조업; 의약품 제외
2808,20,1.0,,화학 물질 및 화학제품 제조업; 의약품 제외
2809,20,1.0,,화학 물질 및 화학제품 제조업; 의약품 제외
2810,20,1.0,,화학 물질 및 화학제품 제조업; 의약품 제외
2811,20,1.0,,화학 물질 및 화학제품 제조업; 의약품 제외
2812,20,1.0,,화학 물질 및 화학제품 제조업; 의약품 제외
2813,20,1.0,,화학 물질 및 화학제품 제조업; 의약품 제외
2814,20,1.0,,화학 물질 및 화학제품 제조업; 의약품 제외
2815,20,1.0,,화학 물질 및 화학제품 제조업; 의약품 제외
2816,20,1.0,,화학 물질 및 화학제품 제조업; 의약품 제외
2817,20,1.0,,화학 물질 및 화학제품 제조업; 의약품 제외
2818,20,0.3333333333333333,,화학 물질 및 화학제품 제조업; 의약품 제외
2818,23,0.3333333333333333,,비금속 광물제품 제조업
2818,24,0.3333333333333333,,1차 금속 제조업
2819,20,1.0,,화학 물질 및 화학제품 제조업; 의약품 제외
2820,20,1.0,,화학 물질 및 화학제품 제조업; 의약품 제외
2821,20,1.0,,화학 물질 및 화학제품 제조업; 의약품 제외
2822,20,1.0,,화학 물질 및 화학제품 제조업; 의약품 제외
2823,20,1.0,,화학 물질 및 화학제품 제조업; 의약품 제외
2824,20,1.0,,화학 물질 및 화학제품 제조업; 의약품 제외
2825,20,1.0,,화학 물질 및 화학제품 제조업; 의약품 제외
2826,20,1.0,,화학 물질 및 화학제품 제조업; 의약품 제외
2827,20,1.0,,화학 물질 및 화학제품 제조업; 의약품 제외
2828,20,1.0,,화학 물질 및 화학제품 제조업; 의약품 제외
2829,20,1.0,,화학 물질 및 화학제품 제조업; 의약품 제외
2830,20,1.0,,화학 물질 및 화학제품 제조업; 의약품 제외
2831,20,1.0,,화학 물질 및 화학제품 제조업; 의약품 제외
2832,20,1.0,,화학 물질 및 화학제품 제조업; 의약품 제외
2833,20,1.0,,화학 물질 및 화학제품 제조업; 의약품 제외
2834,20,1.0,,화학 물질 및 화학제품 제조업; 의약품 제외
2835,20,1.0,,화학 물질 및 화학제품 제조업; 의약품 제외
2836,20,1.0,,화학 물질 및 화학제품 제조업; 의약품 제외
2837,20,1.0,,화학 물질 및 화학제품 제조업; 의약품 제외
2839,20,1.0,,화학 물질 및 화학제품 제조업; 의약품 제외
2840,20,1.0,,화학 물질 및 화학제품 제조업; 의약품 제외
2841,20,1.0,,화학 물질 및 화학제품 제조업; 의약품 제외
2842,20,1.0,,화학 물질 및 화학제품 제조업; 의약품 제외
2843,20,1.0,,화학 물질 및 화학제품 제조업; 의약품 제외
2844,20,0.8,,화학 물질 및 화학제품 제조업; 의약품 제외
2844,비제조,0.2,,비제조
2845,20,1.0,,화학 물질 및 화학제품 제조업; 의약품 제외
2846,20,1.0,,화학 물질 및 화학제품 제조업; 의약품 제외
2847,20,1.0,,화학 물질 및 화학제품 제조업; 의약품 제외
2849,20,1.0,,화학 물질 및 화학제품 제조업; 의약품 제외
2850,20,1.0,,화학 물질 및 화학제품 제조업; 의약품 제외
2852,20,1.0,,화학 물질 및 화학제품 제조업; 의약품 제외
2853,20,1.0,,화학 물질 및 화학제품 제조업; 의약품 제외
2901,20,1.0,,화학 물질 및 화학제품 제조업; 의약품 제외
2902,20,1.0,,화학 물질 및 화학제품 제조업; 의약품 제외
2903,20,1.0,,화학 물질 및 화학제품 제조업; 의약품 제외
2904,20,1.0,,화학 물질 및 화학제품 제조업; 의약품 제외
2905,20,1.0,,화학 물질 및 화학제품 제조업; 의약품 제외
2906,20,1.0,,화학 물질 및 화학제품 제조업; 의약품 제외
2907,20,1.0,,화학 물질 및 화학제품 제조업; 의약품 제외
2908,20,1.0,,화학 물질 및 화학제품 제조업; 의약품 제외
2909,20,1.0,,화학 물질 및 화학제품 제조업; 의약품 제외
2910,20,1.0,,화학 물질 및 화학제품 제조업; 의약품 제외
2911,20,1.0,,화학 물질 및 화학제품 제조업; 의약품 제외
2912,20,1.0,,화학 물질 및 화학제품 제조업; 의약품 제외
2913,20,1.0,,화학 물질 및 화학제품 제조업; 의약품 제외
2914,20,1.0,,화학 물질 및 화학제품 제조업; 의약품 제외
2915,20,1.0,,화학 물질 및 화학제품 제조업; 의약품 제외
2916,20,1.0,,화학 물질 및 화학제품 제조업; 의약품 제외
2917,20,1.0,,화학 물질 및 화학제품 제조업; 의약품 제외
2918,20,0.8125,,화학 물질 및 화학제품 제조업; 의약품 제외
2918,21,0.1875,,의료용 물질 및 의약품 제조업
2919,20,1.0,,화학 물질 및 화학제품 제조업; 의약품 제외
2920,20,1.0,,화학 물질 및 화학제품 제조업; 의약품 제외
2921,20,1.0,,화학 물질 및 화학제품 제조업; 의약품 제외
2922,20,0.8888888888888888,,화학 물질 및 화학제품 제조업; 의약품 제외
2922,21,0.1111111111111111,,의료용 물질 및 의약품 제조업
2923,21,1.0,,의료용 물질 및 의약품 제조업
2924,20,0.125,,화학 물질 및 화학제품 제조업; 의약품 제외
2924,21,0.875,,의료용 물질 및 의약품 제조업
2925,20,1.0,,화학 물질 및 화학제품 제조업; 의약품 제외
2926,20,1.0,,화학 물질 및 화학제품 제조업; 의약품 제외
2927,20,1.0,,화학 물질 및 화학제품 제조업; 의약품 제외
2928,20,1.0,,화학 물질 및 화학제품 제조업; 의약품 제외
2929,20,1.0,,화학 물질 및 화학제품 제조업; 의약품 제외
2930,20,1.0,,화학 물질 및 화학제품 제조업; 의약품 제외
2931,20,1.0,,화학 물질 및 화학제품 제조업; 의약품 제외
2932,20,0.9166666666666666,,화학 물질 및 화학제품 제조업; 의약품 제외
2932,21,0.08333333333333333,,의료용 물질 및 의약품 제조업
2933,20,0.6086956521739131,,화학 물질 및 화학제품 제조업; 의약품 제외
2933,21,0.3913043478260869,,의료용 물질 및 의약품 제조업
2934,20,0.8,,화학 물질 및 화학제품 제조업; 의약품 제외
2934,21,0.2,,의료용 물질 및 의약품 제조업
2935,21,1.0,,의료용 물질 및 의약품 제조업
2936,21,1.0,,의료용 물질 및 의약품 제조업
2937,21,1.0,,의료용 물질 및 의약품 제조업
2938,21,1.0,,의료용 물질 및 의약품 제조업
2939,20,0.027777777777777776,,화학 물질 및 화학제품 제조업; 의약품 제외
2939,21,0.9722222222222222,,의료용 물질 및 의약품 제조업
2940,21,1.0,,의료용 물질 및 의약품 제조업
2941,21,1.0,,의료용 물질 및 의약품 제조업
2942,20,1.0,,화학 물질 및 화학제품 제조업; 의약품 제외
3001,21,1.0,,의료용 물질 및 의약품 제조업
3002,21,1.0,,의료용 물질 및 의약품 제조업
3003,21,1.0,,의료용 물질 및 의약품 제조업
3004,21,1.0,,의료용 물질 및 의약품 제조업
3005,21,1.0,,의료용 물질 및 의약품 제조업
3006,21,0.3333333333333333,,의료용 물질 및 의약품 제조업
3006,22,0.1111111111111111,,고무 및 플라스틱제품 제조업
3006,27,0.4444444444444444,,"의료, 정밀, 광학 기기 및 시계 제조업"
3006,미연결,0.1111111111111111,,미연결
3101,비제조,1.0,,비제조
3102,20,1.0,,화학 물질 및 화학제품 제조업; 의약품 제외
3103,20,1.0,,화학 물질 및 화학제품 제조업; 의약품 제외
3104,20,0.8333333333333333,,화학 물질 및 화학제품 제조업; 의약품 제외
3104,비제조,0.16666666666666666,,비제조
3105,20,1.0,,화학 물질 및 화학제품 제조업; 의약품 제외
3201,20,1.0,,화학 물질 및 화학제품 제조업; 의약품 제외
3202,20,1.0,,화학 물질 및 화학제품 제조업; 의약품 제외
3203,20,1.0,,화학 물질 및 화학제품 제조업; 의약품 제외
3204,20,1.0,,화학 물질 및 화학제품 제조업; 의약품 제외
3205,20,1.0,,화학 물질 및 화학제품 제조업; 의약품 제외
3206,20,1.0,,화학 물질 및 화학제품 제조업; 의약품 제외
3207,20,1.0,,화학 물질 및 화학제품 제조업; 의약품 제외
3208,20,1.0,,화학 물질 및 화학제품 제조업; 의약품 제외
3209,20,1.0,,화학 물질 및 화학제품 제조업; 의약품 제외
3210,20,1.0,,화학 물질 및 화학제품 제조업; 의약품 제외
3211,20,1.0,,화학 물질 및 화학제품 제조업; 의약품 제외
3212,20,1.0,,화학 물질 및 화학제품 제조업; 의약품 제외
3213,20,1.0,,화학 물질 및 화학제품 제조업; 의약품 제외
3214,20,1.0,,화학 물질 및 화학제품 제조업; 의약품 제외
3215,20,1.0,,화학 물질 및 화학제품 제조업; 의약품 제외
3301,20,1.0,,화학 물질 및 화학제품 제조업; 의약품 제외
3302,20,1.0,,화학 물질 및 화학제품 제조업; 의약품 제외
3303,20,1.0,,화학 물질 및 화학제품 제조업; 의약품 제외
3304,20,1.0,,화학 물질 및 화학제품 제조업; 의약품 제외
3305,20,1.0,,화학 물질 및 화학제품 제조업; 의약품 제외
3306,20,1.0,,화학 물질 및 화학제품 제조업; 의약품 제외
3307,20,1.0,,화학 물질 및 화학제품 제조업; 의약품 제외
3401,20,1.0,,화학 물질 및 화학제품 제조업; 의약품 제외
3402,20,1.0,,화학 물질 및 화학제품 제조업; 의약품 제외
3403,20,1.0,,화학 물질 및 화학제품 제조업; 의약품 제외
3404,20,1.0,,화학 물질 및 화학제품 제조업; 의약품 제외
3405,20,1.0,,화학 물질 및 화학제품 제조업; 의약품 제외
3406,33,1.0,,기타 제품 제조업
3407,20,0.5,,화학 물질 및 화학제품 제조업; 의약품 제외
3407,27,0.5,,"의료, 정밀, 광학 기기 및 시계 제조업"
3501,10,0.5,,식료품 제조업
3501,20,0.5,,화학 물질 및 화학제품 제조업; 의약품 제외
3502,10,0.5,,식료품 제조업
3502,20,0.5,,화학 물질 및 화학제품 제조업; 의약품 제외
3503,20,1.0,,화학 물질 및 화학제품 제조업; 의약품 제외
3504,20,1.0,,화학 물질 및 화학제품 제조업; 의약품 제외
3505,10,0.5,,식료품 제조업
3505,20,0.5,,화학 물질 및 화학제품 제조업; 의약품 제외
3506,20,1.0,,화학 물질 및 화학제품 제조업; 의약품 제외
3507,20,1.0,,화학 물질 및 화학제품 제조업; 의약품 제외
3601,20,1.0,,화학 물질 및 화학제품 제조업; 의약품 제외
3602,20,1.0,,화학 물질 및 화학제품 제조업; 의약품 제외
3603,20,1.0,,화학 물질 및 화학제품 제조업; 의약품 제외
3604,20,1.0,,화학 물질 및 화학제품 제조업; 의약품 제외
3605,20,1.0,,화학 물질 및 화학제품 제조업; 의약품 제외
3606,33,1.0,,기타 제품 제조업
3701,20,1.0,,화학 물질 및 화학제품 제조업; 의약품 제외
3702,20,1.0,,화학 물질 및 화학제품 제조업; 의약품 제외
3703,20,1.0,,화학 물질 및 화학제품 제조업; 의약품 제외
3704,비제조,1.0,,비제조
3705,비제조,1.0,,비제조
3706,비제조,1.0,,비제조
3707,20,1.0,,화학 물질 및 화학제품 제조업; 의약품 제외
3801,23,1.0,,비금속 광물제품 제조업
3802,20,1.0,,화학 물질 및 화학제품 제조업; 의약품 제외
3803,20,1.0,,화학 물질 및 화학제품 제조업; 의약품 제외
3804,미연결,1.0,,미연결
3805,20,1.0,,화학 물질 및 화학제품 제조업; 의약품 제외
3806,20,1.0,,화학 물질 및 화학제품 제조업; 의약품 제외
3807,20,1.0,,화학 물질 및 화학제품 제조업; 의약품 제외
3808,20,1.0,,화학 물질 및 화학제품 제조업; 의약품 제외
3809,20,1.0,,화학 물질 및 화학제품 제조업; 의약품 제외
3810,20,1.0,,화학 물질 및 화학제품 제조업; 의약품 제외
3811,20,1.0,,화학 물질 및 화학제품 제조업; 의약품 제외
3812,20,1.0,,화학 물질 및 화학제품 제조업; 의약품 제외
3813,20,0.5,,화학 물질 및 화학제품 제조업; 의약품 제외
3813,27,0.5,,"의료, 정밀, 광학 기기 및 시계 제조업"
3814,20,1.0,,화학 물질 및 화학제품 제조업; 의약품 제외
3815,20,1.0,,화학 물질 및 화학제품 제조업; 의약품 제외
3816,23,1.0,,비금속 광물제품 제조업
3817,20,1.0,,화학 물질 및 화학제품 제조업; 의약품 제외
3818,20,1.0,,화학 물질 및 화학제품 제조업; 의약품 제외
3819,20,1.0,,화학 물질 및 화학제품 제조업; 의약품 제외
3820,20,1.0,,화학 물질 및 화학제품 제조업; 의약품 제외
3821,20,0.5,,화학 물질 및 화학제품 제조업; 의약품 제외
3821,27,0.5,,"의료, 정밀, 광학 기기 및 시계 제조업"
3822,20,0.5,,화학 물질 및 화학제품 제조업; 의약품 제외
3822,27,0.5,,"의료, 정밀, 광학 기기 및 시계 제조업"
3823,20,1.0,,화학 물질 및 화학제품 제조업; 의약품 제외
3824,20,0.9583333333333333,,화학 물질 및 화학제품 제조업; 의약품 제외
3824,23,0.041666666666666664,,비금속 광물제품 제조업
3825,미연결,1.0,,미연결
3826,19,0.5,,"코크스, 연탄 및 석유정제품 제조업"
3826,20,0.5,,화학 물질 및 화학제품 제조업; 의약품 제외
3901,20,1.0,,화학 물질 및 화학제품 제조업; 의약품 제외
3902,20,1.0,,화학 물질 및 화학제품 제조업; 의약품 제외
3903,20,1.0,,화학 물질 및 화학제품 제조업; 의약품 제외
3904,20,1.0,,화학 물질 및 화학제품 제조업; 의약품 제외
3905,20,1.0,,화학 물질 및 화학제품 제조업; 의약품 제외
3906,20,1.0,,화학 물질 및 화학제품 제조업; 의약품 제외
3907,20,1.0,,화학 물질 및 화학제품 제조업; 의약품 제외
3908,20,1.0,,화학 물질 및 화학제품 제조업; 의약품 제외
3909,20,1.0,,화학 물질 및 화학제품 제조업; 의약품 제외
3910,20,1.0,,화학 물질 및 화학제품 제조업; 의약품 제외
3911,20,1.0,,화학 물질 및 화학제품 제조업; 의약품 제외
3912,20,1.0,,화학 물질 및 화학제품 제조업; 의약품 제외
3913,20,1.0,,화학 물질 및 화학제품 제조업; 의약품 제외
3914,20,1.0,,화학 물질 및 화학제품 제조업; 의약품 제외
3915,미연결,1.0,,미연결
3916,22,1.0,,고무 및 플라스틱제품 제조업
3917,22,1.0,,고무 및 플라스틱제품 제조업
3918,22,1.0,,고무 및 플라스틱제품 제조업
3919,22,1.0,,고무 및 플라스틱제품 제조업
3920,22,1.0,,고무 및 플라스틱제품 제조업
3921,22,1.0,,고무 및 플라스틱제품 제조업
3922,22,1.0,,고무 및 플라스틱제품 제조업
3923,22,1.0,,고무 및 플라스틱제품 제조업
3924,22,1.0,,고무 및 플라스틱제품 제조업
3925,22,1.0,,고무 및 플라스틱제품 제조업
3926,14,0.1,,"의복, 의복액세서리 및 모피제품 제조업"
3926,22,0.9,,고무 및 플라스틱제품 제조업
4001,비제조,1.0,,비제조
4002,20,1.0,,화학 물질 및 화학제품 제조업; 의약품 제외
4003,비제조,1.0,,비제조
4004,미연결,1.0,,미연결
4005,22,1.0,,고무 및 플라스틱제품 제조업
4006,22,1.0,,고무 및 플라스틱제품 제조업
4007,22,1.0,,고무 및 플라스틱제품 제조업
4008,22,1.0,,고무 및 플라스틱제품 제조업
4009,22,1.0,,고무 및 플라스틱제품 제조업
4010,22,1.0,,고무 및 플라스틱제품 제조업
4011,22,1.0,,고무 및 플라스틱제품 제조업
4012,22,0.8333333333333333,,고무 및 플라스틱제품 제조업
4012,미연결,0.16666666666666666,,미연결
4013,22,1.0,,고무 및 플라스틱제품 제조업
4014,22,1.0,,고무 및 플라스틱제품 제조업
4015,22,1.0,,고무 및 플라스틱제품 제조업
4016,22,1.0,,고무 및 플라스틱제품 제조업
4017,22,1.0,,고무 및 플라스틱제품 제조업
4101,10,1.0,,식료품 제조업
4102,10,1.0,,식료품 제조업
4103,10,1.0,,식료품 제조업
4104,15,1.0,,"가죽, 가방 및 신발 제조업"
4105,15,1.0,,"가죽, 가방 및 신발 제조업"
4106,15,1.0,,"가죽, 가방 및 신발 제조업"
4107,15,1.0,,"가죽, 가방 및 신발 제조업"
4112,15,1.0,,"가죽, 가방 및 신발 제조업"
4113,15,1.0,,"가죽, 가방 및 신발 제조업"
4114,15,1.0,,"가죽, 가방 및 신발 제조업"
4115,15,0.5,,"가죽, 가방 및 신발 제조업"
4115,미연결,0.5,,미연결
4201,15,1.0,,"가죽, 가방 및 신발 제조업"
4202,15,1.0,,"가죽, 가방 및 신발 제조업"
4203,14,0.8,,"의복, 의복액세서리 및 모피제품 제조업"
4203,33,0.2,,기타 제품 제조업
4205,15,1.0,,"가죽, 가방 및 신발 제조업"
4206,33,1.0,,기타 제품 제조업
4301,10,1.0,,식료품 제조업
4302,15,1.0,,"가죽, 가방 및 신발 제조업"
4303,14,1.0,,"의복, 의복액세서리 및 모피제품 제조업"
4304,14,1.0,,"의복, 의복액세서리 및 모피제품 제조업"
4401,16,0.2857142857142857,,목재 및 나무제품 제조업; 가구 제외
4401,미연결,0.42857142857142855,,미연결
4401,비제조,0.2857142857142857,,비제조
4402,20,0.5,,화학 물질 및 화학제품 제조업; 의약품 제외
4402,비제조,0.5,,비제조
4403,16,0.1111111111111111,,목재 및 나무제품 제조업; 가구 제외
4403,비제조,0.8888888888888888,,비제조
4404,16,1.0,,목재 및 나무제품 제조업; 가구 제외
4405,16,1.0,,목재 및 나무제품 제조업; 가구 제외
4406,16,1.0,,목재 및 나무제품 제조업; 가구 제외
4407,16,1.0,,목재 및 나무제품 제조업; 가구 제외
4408,16,1.0,,목재 및 나무제품 제조업; 가구 제외
4409,16,1.0,,목재 및 나무제품 제조업; 가구 제외
4410,16,1.0,,목재 및 나무제품 제조업; 가구 제외
4411,16,1.0,,목재 및 나무제품 제조업; 가구 제외
4412,16,1.0,,목재 및 나무제품 제조업; 가구 제외
4413,16,1.0,,목재 및 나무제품 제조업; 가구 제외
4414,16,1.0,,목재 및 나무제품 제조업; 가구 제외
4415,16,1.0,,목재 및 나무제품 제조업; 가구 제외
4416,16,1.0,,목재 및 나무제품 제조업; 가구 제외
4417,16,1.0,,목재 및 나무제품 제조업; 가구 제외
4418,16,1.0,,목재 및 나무제품 제조업; 가구 제외
4419,16,1.0,,목재 및 나무제품 제조업; 가구 제외
4420,16,1.0,,목재 및 나무제품 제조업; 가구 제외
4421,16,1.0,,목재 및 나무제품 제조업; 가구 제외
4501,16,0.5,,목재 및 나무제품 제조업; 가구 제외
4501,비제조,0.5,,비제조
4502,16,1.0,,목재 및 나무제품 제조업; 가구 제외
4503,16,1.0,,목재 및 나무제품 제조업; 가구 제외
4504,16,1.0,,목재 및 나무제품 제조업; 가구 제외
4601,16,1.0,,목재 및 나무제품 제조업; 가구 제외
4602,16,1.0,,목재 및 나무제품 제조업; 가구 제외
4701,17,1.0,,"펄프, 종이 및 종이제품 제조업"
4702,17,1.0,,"펄프, 종이 및 종이제품 제조업"
4703,17,1.0,,"펄프, 종이 및 종이제품 제조업"
4704,17,1.0,,"펄프, 종이 및 종이제품 제조업"
4705,17,1.0,,"펄프, 종이 및 종이제품 제조업"
4706,17,1.0,,"펄프, 종이 및 종이제품 제조업"
4707,미연결,1.0,,미연결
4801,17,1.0,,"펄프, 종이 및 종이제품 제조업"
4802,17,1.0,,"펄프, 종이 및 종이제품 제조업"
4803,17,1.0,,"펄프, 종이 및 종이제품 제조업"
4804,17,1.0,,"펄프, 종이 및 종이제품 제조업"
4805,17,1.0,,"펄프, 종이 및 종이제품 제조업"
4806,17,1.0,,"펄프, 종이 및 종이제품 제조업"
4807,17,1.0,,"펄프, 종이 및 종이제품 제조업"
4808,17,1.0,,"펄프, 종이 및 종이제품 제조업"
4809,17,1.0,,"펄프, 종이 및 종이제품 제조업"
4810,17,1.0,,"펄프, 종이 및 종이제품 제조업"
4811,17,1.0,,"펄프, 종이 및 종이제품 제조업"
4812,17,1.0,,"펄프, 종이 및 종이제품 제조업"
4813,17,1.0,,"펄프, 종이 및 종이제품 제조업"
4814,17,1.0,,"펄프, 종이 및 종이제품 제조업"
4816,17,1.0,,"펄프, 종이 및 종이제품 제조업"
4817,17,1.0,,"펄프, 종이 및 종이제품 제조업"
4818,17,1.0,,"펄프, 종이 및 종이제품 제조업"
4819,17,1.0,,"펄프, 종이 및 종이제품 제조업"
4820,17,1.0,,"펄프, 종이 및 종이제품 제조업"
4821,17,1.0,,"펄프, 종이 및 종이제품 제조업"
4822,17,1.0,,"펄프, 종이 및 종이제품 제조업"
4823,17,1.0,,"펄프, 종이 및 종이제품 제조업"
4901,비제조,1.0,,비제조
4902,비제조,1.0,,비제조
4903,비제조,1.0,,비제조
4904,비제조,1.0,,비제조
4905,33,0.3333333333333333,,기타 제품 제조업
4905,비제조,0.6666666666666666,,비제조
4906,비제조,1.0,,비제조
4907,비제조,1.0,,비제조
4908,비제조,1.0,,비제조
4909,비제조,1.0,,비제조
4910,비제조,1.0,,비제조
4911,18,0.3333333333333333,,인쇄 및 기록매체 복제업
4911,비제조,0.6666666666666666,,비제조
5001,비제조,1.0,,비제조
5002,13,1.0,,섬유제품 제조업; 의복 제외
5003,미연결,1.0,,미연결
5004,13,1.0,,섬유제품 제조업; 의복 제외
5005,13,1.0,,섬유제품 제조업; 의복 제외
5006,13,1.0,,섬유제품 제조업; 의복 제외
5007,13,1.0,,섬유제품 제조업; 의복 제외
5101,13,0.6000000000000001,,섬유제품 제조업; 의복 제외
5101,비제조,0.4,,비제조
5102,비제조,1.0,,비제조
5103,13,0.3333333333333333,,섬유제품 제조업; 의복 제외
5103,미연결,0.6666666666666666,,미연결
5104,미연결,1.0,,미연결
5105,13,1.0,,섬유제품 제조업; 의복 제외
5106,13,1.0,,섬유제품 제조업; 의복 제외
5107,13,1.0,,섬유제품 제조업; 의복 제외
5108,13,1.0,,섬유제품 제조업; 의복 제외
5109,13,1.0,,섬유제품 제조업; 의복 제외
5110,13,1.0,,섬유제품 제조업; 의복 제외
5111,13,1.0,,섬유제품 제조업; 의복 제외
5112,13,1.0,,섬유제품 제조업; 의복 제외
5113,13,1.0,,섬유제품 제조업; 의복 제외
5201,비제조,1.0,,비제조
5202,미연결,1.0,,미연결
5203,13,1.0,,섬유제품 제조업; 의복 제외
5204,13,1.0,,섬유제품 제조업; 의복 제외
5205,13,1.0,,섬유제품 제조업; 의복 제외
5206,13,1.0,,섬유제품 제조업; 의복 제외
5207,13,1.0,,섬유제품 제조업; 의복 제외
5208,13,1.0,,섬유제품 제조업; 의복 제외
5209,13,1.0,,섬유제품 제조업; 의복 제외
5210,13,1.0,,섬유제품 제조업; 의복 제외
5211,13,1.0,,섬유제품 제조업; 의복 제외
5212,13,1.0,,섬유제품 제조업; 의복 제외
5301,13,0.75,,섬유제품 제조업; 의복 제외
5301,비제조,0.25,,비제조
5302,13,0.5,,섬유제품 제조업; 의복 제외
5302,비제조,0.5,,비제조
5303,13,0.5,,섬유제품 제조업; 의복 제외
5303,비제조,0.5,,비제조
5305,13,0.5,,섬유제품 제조업; 의복 제외
5305,비제조,0.5,,비제조
5306,13,1.0,,섬유제품 제조업; 의복 제외
5307,13,1.0,,섬유제품 제조업; 의복 제외
5308,13,1.0,,섬유제품 제조업; 의복 제외
5309,13,1.0,,섬유제품 제조업; 의복 제외
5310,13,1.0,,섬유제품 제조업; 의복 제외
5311,13,1.0,,섬유제품 제조업; 의복 제외
5401,13,1.0,,섬유제품 제조업; 의복 제외
5402,13,0.18181818181818182,,섬유제품 제조업; 의복 제외
5402,20,0.8181818181818182,,화학 물질 및 화학제품 제조업; 의약품 제외
5403,13,0.375,,섬유제품 제조업; 의복 제외
5403,20,0.625,,화학 물질 및 화학제품 제조업; 의약품 제외
5404,20,1.0,,화학 물질 및 화학제품 제조업; 의약품 제외
5405,20,1.0,,화학 물질 및 화학제품 제조업; 의약품 제외
5406,13,1.0,,섬유제품 제조업; 의복 제외
5407,13,1.0,,섬유제품 제조업; 의복 제외
5408,13,1.0,,섬유제품 제조업; 의복 제외
5501,20,1.0,,화학 물질 및 화학제품 제조업; 의약품 제외
5502,20,1.0,,화학 물질 및 화학제품 제조업; 의약품 제외
5503,20,1.0,,화학 물질 및 화학제품 제조업; 의약품 제외
5504,20,1.0,,화학 물질 및 화학제품 제조업; 의약품 제외
5505,미연결,1.0,,미연결
5506,13,1.0,,섬유제품 제조업; 의복 제외
5507,13,1.0,,섬유제품 제조업; 의복 제외
5508,13,1.0,,섬유제품 제조업; 의복 제외
5509,13,1.0,,섬유제품 제조업; 의복 제외
5510,13,1.0,,섬유제품 제조업; 의복 제외
5511,13,1.0,,섬유제품 제조업; 의복 제외
5512,13,1.0,,섬유제품 제조업; 의복 제외
5513,13,1.0,,섬유제품 제조업; 의복 제외
5514,13,1.0,,섬유제품 제조업; 의복 제외
5515,13,1.0,,섬유제품 제조업; 의복 제외
5516,13,1.0,,섬유제품 제조업; 의복 제외
5601,13,0.5,,섬유제품 제조업; 의복 제외
5601,17,0.5,,"펄프, 종이 및 종이제품 제조업"
5602,13,1.0,,섬유제품 제조업; 의복 제외
5603,13,1.0,,섬유제품 제조업; 의복 제외
5604,13,1.0,,섬유제품 제조업; 의복 제외
5605,13,1.0,,섬유제품 제조업; 의복 제외
5606,13,1.0,,섬유제품 제조업; 의복 제외
5607,13,1.0,,섬유제품 제조업; 의복 제외
5608,13,1.0,,섬유제품 제조업; 의복 제외
5609,13,1.0,,섬유제품 제조업; 의복 제외
5701,13,1.0,,섬유제품 제조업; 의복 제외
5702,13,1.0,,섬유제품 제조업; 의복 제외
5703,13,1.0,,섬유제품 제조업; 의복 제외
5704,13,1.0,,섬유제품 제조업; 의복 제외
5705,13,1.0,,섬유제품 제조업; 의복 제외
5801,13,1.0,,섬유제품 제조업; 의복 제외
5802,13,1.0,,섬유제품 제조업; 의복 제외
5803,13,1.0,,섬유제품 제조업; 의복 제외
5804,13,1.0,,섬유제품 제조업; 의복 제외
5805,13,1.0,,섬유제품 제조업; 의복 제외
5806,13,1.0,,섬유제품 제조업; 의복 제외
5807,13,1.0,,섬유제품 제조업; 의복 제외
5808,13,1.0,,섬유제품 제조업; 의복 제외
5809,13,1.0,,섬유제품 제조업; 의복 제외
5810,13,1.0,,섬유제품 제조업; 의복 제외
5811,13,1.0,,섬유제품 제조업; 의복 제외
5901,13,1.0,,섬유제품 제조업; 의복 제외
5902,13,1.0,,섬유제품 제조업; 의복 제외
5903,13,1.0,,섬유제품 제조업; 의복 제외
5904,22,1.0,,고무 및 플라스틱제품 제조업
5905,17,1.0,,"펄프, 종이 및 종이제품 제조업"
5906,22,1.0,,고무 및 플라스틱제품 제조업
5907,13,1.0,,섬유제품 제조업; 의복 제외
5908,13,1.0,,섬유제품 제조업; 의복 제외
5909,13,1.0,,섬유제품 제조업; 의복 제외
5910,13,1.0,,섬유제품 제조업; 의복 제외
5911,13,1.0,,섬유제품 제조업; 의복 제외
6001,13,1.0,,섬유제품 제조업; 의복 제외
6002,13,1.0,,섬유제품 제조업; 의복 제외
6003,13,1.0,,섬유제품 제조업; 의복 제외
6004,13,1.0,,섬유제품 제조업; 의복 제외
6005,13,1.0,,섬유제품 제조업; 의복 제외
6006,13,1.0,,섬유제품 제조업; 의복 제외
6101,14,1.0,,"의복, 의복액세서리 및 모피제품 제조업"
6102,14,1.0,,"의복, 의복액세서리 및 모피제품 제조업"
6103,14,1.0,,"의복, 의복액세서리 및 모피제품 제조업"
6104,14,1.0,,"의복, 의복액세서리 및 모피제품 제조업"
6105,14,1.0,,"의복, 의복액세서리 및 모피제품 제조업"
6106,14,1.0,,"의복, 의복액세서리 및 모피제품 제조업"
6107,14,1.0,,"의복, 의복액세서리 및 모피제품 제조업"
6108,14,1.0,,"의복, 의복액세서리 및 모피제품 제조업"
6109,14,1.0,,"의복, 의복액세서리 및 모피제품 제조업"
6110,14,1.0,,"의복, 의복액세서리 및 모피제품 제조업"
6111,14,1.0,,"의복, 의복액세서리 및 모피제품 제조업"
6112,14,1.0,,"의복, 의복액세서리 및 모피제품 제조업"
6113,14,1.0,,"의복, 의복액세서리 및 모피제품 제조업"
6114,14,1.0,,"의복, 의복액세서리 및 모피제품 제조업"
6115,14,1.0,,"의복, 의복액세서리 및 모피제품 제조업"
6116,14,1.0,,"의복, 의복액세서리 및 모피제품 제조업"
6117,14,1.0,,"의복, 의복액세서리 및 모피제품 제조업"
6201,14,1.0,,"의복, 의복액세서리 및 모피제품 제조업"
6202,14,1.0,,"의복, 의복액세서리 및 모피제품 제조업"
6203,14,1.0,,"의복, 의복액세서리 및 모피제품 제조업"
6204,14,1.0,,"의복, 의복액세서리 및 모피제품 제조업"
6205,14,1.0,,"의복, 의복액세서리 및 모피제품 제조업"
6206,14,1.0,,"의복, 의복액세서리 및 모피제품 제조업"
6207,14,1.0,,"의복, 의복액세서리 및 모피제품 제조업"
6208,14,1.0,,"의복, 의복액세서리 및 모피제품 제조업"
6209,14,1.0,,"의복, 의복액세서리 및 모피제품 제조업"
6210,14,1.0,,"의복, 의복액세서리 및 모피제품 제조업"
6211,14,1.0,,"의복, 의복액세서리 및 모피제품 제조업"
6212,14,1.0,,"의복, 의복액세서리 및 모피제품 제조업"
6213,14,1.0,,"의복, 의복액세서리 및 모피제품 제조업"
6214,14,1.0,,"의복, 의복액세서리 및 모피제품 제조업"
6215,14,1.0,,"의복, 의복액세서리 및 모피제품 제조업"
6216,14,1.0,,"의복, 의복액세서리 및 모피제품 제조업"
6217,14,1.0,,"의복, 의복액세서리 및 모피제품 제조업"
6301,13,0.8,,섬유제품 제조업; 의복 제외
6301,28,0.2,,전기장비 제조업
6302,13,1.0,,섬유제품 제조업; 의복 제외
6303,13,1.0,,섬유제품 제조업; 의복 제외
6304,13,1.0,,섬유제품 제조업; 의복 제외
6305,13,1.0,,섬유제품 제조업; 의복 제외
6306,13,1.0,,섬유제품 제조업; 의복 제외
6307,13,1.0,,섬유제품 제조업; 의복 제외
6308,13,1.0,,섬유제품 제조업; 의복 제외
6309,미연결,1.0,,미연결
6310,미연결,1.0,,미연결
6401,15,1.0,,"가죽, 가방 및 신발 제조업"
6402,15,0.8,,"가죽, 가방 및 신발 제조업"
6402,33,0.2,,기타 제품 제조업
6403,15,0.875,,"가죽, 가방 및 신발 제조업"
6403,33,0.125,,기타 제품 제조업
6404,15,1.0,,"가죽, 가방 및 신발 제조업"
6405,15,1.0,,"가죽, 가방 및 신발 제조업"
6406,15,0.25,,"가죽, 가방 및 신발 제조업"
6406,16,0.25,,목재 및 나무제품 제조업; 가구 제외
6406,22,0.5,,고무 및 플라스틱제품 제조업
6501,14,1.0,,"의복, 의복액세서리 및 모피제품 제조업"
6502,14,1.0,,"의복, 의복액세서리 및 모피제품 제조업"
6504,14,1.0,,"의복, 의복액세서리 및 모피제품 제조업"
6505,14,1.0,,"의복, 의복액세서리 및 모피제품 제조업"
6506,14,0.3333333333333333,,"의복, 의복액세서리 및 모피제품 제조업"
6506,22,0.3333333333333333,,고무 및 플라스틱제품 제조업
6506,33,0.3333333333333333,,기타 제품 제조업
6507,14,1.0,,"의복, 의복액세서리 및 모피제품 제조업"
6601,15,0.5,,"가죽, 가방 및 신발 제조업"
6601,33,0.5,,기타 제품 제조업
6602,15,0.5,,"가죽, 가방 및 신발 제조업"
6602,33,0.5,,기타 제품 제조업
6603,33,1.0,,기타 제품 제조업
6701,33,1.0,,기타 제품 제조업
6702,33,1.0,,기타 제품 제조업
6703,33,1.0,,기타 제품 제조업
6704,33,1.0,,기타 제품 제조업
6801,23,1.0,,비금속 광물제품 제조업
6802,23,1.0,,비금속 광물제품 제조업
6803,23,1.0,,비금속 광물제품 제조업
6804,23,1.0,,비금속 광물제품 제조업
6805,23,1.0,,비금속 광물제품 제조업
6806,23,1.0,,비금속 광물제품 제조업
6807,23,1.0,,비금속 광물제품 제조업
6808,23,1.0,,비금속 광물제품 제조업
6809,23,1.0,,비금속 광물제품 제조업
6810,23,1.0,,비금속 광물제품 제조업
6811,23,1.0,,비금속 광물제품 제조업
6812,23,1.0,,비금속 광물제품 제조업
6813,23,1.0,,비금속 광물제품 제조업
6814,23,1.0,,비금속 광물제품 제조업
6815,23,1.0,,비금속 광물제품 제조업
6901,23,1.0,,비금속 광물제품 제조업
6902,23,1.0,,비금속 광물제품 제조업
6903,23,1.0,,비금속 광물제품 제조업
6904,23,1.0,,비금속 광물제품 제조업
6905,23,1.0,,비금속 광물제품 제조업
6906,23,1.0,,비금속 광물제품 제조업
6907,23,1.0,,비금속 광물제품 제조업
6909,23,1.0,,비금속 광물제품 제조업
6910,23,1.0,,비금속 광물제품 제조업
6911,23,1.0,,비금속 광물제품 제조업
6912,23,1.0,,비금속 광물제품 제조업
6913,23,1.0,,비금속 광물제품 제조업
6914,23,1.0,,비금속 광물제품 제조업
7001,23,1.0,,비금속 광물제품 제조업
7002,23,1.0,,비금속 광물제품 제조업
7003,23,1.0,,비금속 광물제품 제조업
7004,23,1.0,,비금속 광물제품 제조업
7005,23,1.0,,비금속 광물제품 제조업
7006,23,1.0,,비금속 광물제품 제조업
7007,23,1.0,,비금속 광물제품 제조업
7008,23,1.0,,비금속 광물제품 제조업
7009,23,1.0,,비금속 광물제품 제조업
7010,23,1.0,,비금속 광물제품 제조업
7011,23,1.0,,비금속 광물제품 제조업
7013,23,1.0,,비금속 광물제품 제조업
7014,23,1.0,,비금속 광물제품 제조업
7015,23,1.0,,비금속 광물제품 제조업
7016,23,1.0,,비금속 광물제품 제조업
7017,23,1.0,,비금속 광물제품 제조업
7018,23,1.0,,비금속 광물제품 제조업
7019,13,0.36363636363636365,,섬유제품 제조업; 의복 제외
7019,23,0.6363636363636364,,비금속 광물제품 제조업
7020,23,1.0,,비금속 광물제품 제조업
7101,33,0.3333333333333333,,기타 제품 제조업
7101,비제조,0.6666666666666666,,비제조
7102,33,0.4,,기타 제품 제조업
7102,비제조,0.6000000000000001,,비제조
7103,33,0.6666666666666666,,기타 제품 제조업
7103,비제조,0.3333333333333333,,비제조
7104,23,0.6666666666666666,,비금속 광물제품 제조업
7104,33,0.3333333333333333,,기타 제품 제조업
7105,33,1.0,,기타 제품 제조업
7106,24,1.0,,1차 금속 제조업
7107,24,1.0,,1차 금속 제조업
7108,24,1.0,,1차 금속 제조업
7109,24,1.0,,1차 금속 제조업
7110,24,1.0,,1차 금속 제조업
7111,24,1.0,,1차 금속 제조업
7112,미연결,1.0,,미연결
7113,33,1.0,,기타 제품 제조업
7114,33,1.0,,기타 제품 제조업
7115,24,0.5,,1차 금속 제조업
7115,33,0.5,,기타 제품 제조업
7116,33,1.0,,기타 제품 제조업
7117,33,1.0,,기타 제품 제조업
7118,33,1.0,,기타 제품 제조업
7201,24,1.0,,1차 금속 제조업
7202,24,1.0,,1차 금속 제조업
7203,24,1.0,,1차 금속 제조업
7204,미연결,1.0,,미연결
7205,24,1.0,,1차 금속 제조업
7206,24,1.0,,1차 금속 제조업
7207,24,1.0,,1차 금속 제조업
7208,24,1.0,,1차 금속 제조업
7209,24,1.0,,1차 금속 제조업
7210,24,1.0,,1차 금속 제조업
7211,24,1.0,,1차 금속 제조업
7212,24,1.0,,1차 금속 제조업
7213,24,1.0,,1차 금속 제조업
7214,24,1.0,,1차 금속 제조업
7215,24,1.0,,1차 금속 제조업
7216,24,1.0,,1차 금속 제조업
7217,24,1.0,,1차 금속 제조업
7218,24,1.0,,1차 금속 제조업
7219,24,1.0,,1차 금속 제조업
7220,24,1.0,,1차 금속 제조업
7221,24,1.0,,1차 금속 제조업
7222,24,1.0,,1차 금속 제조업
7223,24,1.0,,1차 금속 제조업
7224,24,1.0,,1차 금속 제조업
7225,24,1.0,,1차 금속 제조업
7226,24,1.0,,1차 금속 제조업
7227,24,1.0,,1차 금속 제조업
7228,24,1.0,,1차 금속 제조업
7229,24,1.0,,1차 금속 제조업
7301,24,1.0,,1차 금속 제조업
7302,24,1.0,,1차 금속 제조업
7303,24,1.0,,1차 금속 제조업
7304,24,1.0,,1차 금속 제조업
7305,24,1.0,,1차 금속 제조업
7306,24,1.0,,1차 금속 제조업
7307,24,1.0,,1차 금속 제조업
7308,25,1.0,,금속 가공제품 제조업; 기계 및 가구 제외
7309,25,1.0,,금속 가공제품 제조업; 기계 및 가구 제외
7310,25,1.0,,금속 가공제품 제조업; 기계 및 가구 제외
7311,25,1.0,,금속 가공제품 제조업; 기계 및 가구 제외
7312,25,1.0,,금속 가공제품 제조업; 기계 및 가구 제외
7313,25,1.0,,금속 가공제품 제조업; 기계 및 가구 제외
7314,25,1.0,,금속 가공제품 제조업; 기계 및 가구 제외
7315,25,0.625,,금속 가공제품 제조업; 기계 및 가구 제외
7315,29,0.375,,기타 기계 및 장비 제조업
7316,25,1.0,,금속 가공제품 제조업; 기계 및 가구 제외
7317,25,1.0,,금속 가공제품 제조업; 기계 및 가구 제외
7318,25,1.0,,금속 가공제품 제조업; 기계 및 가구 제외
7319,25,1.0,,금속 가공제품 제조업; 기계 및 가구 제외
7320,25,1.0,,금속 가공제품 제조업; 기계 및 가구 제외
7321,28,1.0,,전기장비 제조업
7322,25,0.6666666666666666,,금속 가공제품 제조업; 기계 및 가구 제외
7322,28,0.3333333333333333,,전기장비 제조업
7323,25,0.5,,금속 가공제품 제조업; 기계 및 가구 제외
7323,28,0.5,,전기장비 제조업
7324,25,1.0,,금속 가공제품 제조업; 기계 및 가구 제외
7325,25,1.0,,금속 가공제품 제조업; 기계 및 가구 제외
7326,25,1.0,,금속 가공제품 제조업; 기계 및 가구 제외
7401,24,1.0,,1차 금속 제조업
7402,24,1.0,,1차 금속 제조업
7403,24,1.0,,1차 금속 제조업
7404,미연결,1.0,,미연결
7405,24,1.0,,1차 금속 제조업
7406,24,1.0,,1차 금속 제조업
7407,24,1.0,,1차 금속 제조업
7408,24,1.0,,1차 금속 제조업
7409,24,1.0,,1차 금속 제조업
7410,24,1.0,,1차 금속 제조업
7411,24,1.0,,1차 금속 제조업
7412,24,1.0,,1차 금속 제조업
7413,25,1.0,,금속 가공제품 제조업; 기계 및 가구 제외
7415,25,1.0,,금속 가공제품 제조업; 기계 및 가구 제외
7418,25,0.75,,금속 가공제품 제조업; 기계 및 가구 제외
7418,28,0.25,,전기장비 제조업
7419,25,1.0,,금속 가공제품 제조업; 기계 및 가구 제외
7501,24,1.0,,1차 금속 제조업
7502,24,1.0,,1차 금속 제조업
7503,미연결,1.0,,미연결
7504,24,1.0,,1차 금속 제조업
7505,24,1.0,,1차 금속 제조업
7506,24,1.0,,1차 금속 제조업
7507,24,1.0,,1차 금속 제조업
7508,25,1.0,,금속 가공제품 제조업; 기계 및 가구 제외
7601,24,1.0,,1차 금속 제조업
7602,미연결,1.0,,미연결
7603,24,1.0,,1차 금속 제조업
7604,24,1.0,,1차 금속 제조업
7605,24,1.0,,1차 금속 제조업
7606,24,1.0,,1차 금속 제조업
7607,24,1.0,,1차 금속 제조업
7608,24,1.0,,1차 금속 제조업
7609,24,1.0,,1차 금속 제조업
7610,25,1.0,,금속 가공제품 제조업; 기계 및 가구 제외
7611,25,1.0,,금속 가공제품 제조업; 기계 및 가구 제외
7612,25,1.0,,금속 가공제품 제조업; 기계 및 가구 제외
7613,25,1.0,,금속 가공제품 제조업; 기계 및 가구 제외
7614,25,1.0,,금속 가공제품 제조업; 기계 및 가구 제외
7615,25,0.75,,금속 가공제품 제조업; 기계 및 가구 제외
7615,28,0.25,,전기장비 제조업
7616,25,1.0,,금속 가공제품 제조업; 기계 및 가구 제외
7801,24,1.0,,1차 금속 제조업
7802,미연결,1.0,,미연결
7804,24,1.0,,1차 금속 제조업
7806,25,1.0,,금속 가공제품 제조업; 기계 및 가구 제외
7901,24,1.0,,1차 금속 제조업
7902,미연결,1.0,,미연결
7903,24,1.0,,1차 금속 제조업
7904,24,1.0,,1차 금속 제조업
7905,24,1.0,,1차 금속 제조업
7907,25,1.0,,금속 가공제품 제조업; 기계 및 가구 제외
8001,24,1.0,,1차 금속 제조업
8002,미연결,1.0,,미연결
8003,24,1.0,,1차 금속 제조업
8007,25,1.0,,금속 가공제품 제조업; 기계 및 가구 제외
8101,24,0.8,,1차 금속 제조업
8101,미연결,0.2,,미연결
8102,24,0.8333333333333333,,1차 금속 제조업
8102,미연결,0.16666666666666666,,미연결
8103,24,0.6666666666666666,,1차 금속 제조업
8103,미연결,0.3333333333333333,,미연결
8104,24,0.8,,1차 금속 제조업
8104,미연결,0.2,,미연결
8105,24,0.6666666666666666,,1차 금속 제조업
8105,미연결,0.3333333333333333,,미연결
8106,24,1.0,,1차 금속 제조업
8107,24,0.6666666666666666,,1차 금속 제조업
8107,미연결,0.3333333333333333,,미연결
8108,24,0.6666666666666666,,1차 금속 제조업
8108,미연결,0.3333333333333333,,미연결
8109,24,0.6666666666666666,,1차 금속 제조업
8109,미연결,0.3333333333333333,,미연결
8110,24,0.6666666666666666,,1차 금속 제조업
8110,미연결,0.3333333333333333,,미연결
8111,24,1.0,,1차 금속 제조업
8112,24,0.7272727272727273,,1차 금속 제조업
8112,미연결,0.2727272727272727,,미연결
8113,24,1.0,,1차 금속 제조업
8201,25,1.0,,금속 가공제품 제조업; 기계 및 가구 제외
8202,25,1.0,,금속 가공제품 제조업; 기계 및 가구 제외
8203,25,1.0,,금속 가공제품 제조업; 기계 및 가구 제외
8204,25,1.0,,금속 가공제품 제조업; 기계 및 가구 제외
8205,25,1.0,,금속 가공제품 제조업; 기계 및 가구 제외
8206,25,1.0,,금속 가공제품 제조업; 기계 및 가구 제외
8207,25,1.0,,금속 가공제품 제조업; 기계 및 가구 제외
8208,25,1.0,,금속 가공제품 제조업; 기계 및 가구 제외
8209,25,1.0,,금속 가공제품 제조업; 기계 및 가구 제외
8210,25,0.5,,금속 가공제품 제조업; 기계 및 가구 제외
8210,28,0.5,,전기장비 제조업
8211,25,1.0,,금속 가공제품 제조업; 기계 및 가구 제외
8212,25,1.0,,금속 가공제품 제조업; 기계 및 가구 제외
8213,25,1.0,,금속 가공제품 제조업; 기계 및 가구 제외
8214,25,1.0,,금속 가공제품 제조업; 기계 및 가구 제외
8215,25,1.0,,금속 가공제품 제조업; 기계 및 가구 제외
8301,25,1.0,,금속 가공제품 제조업; 기계 및 가구 제외
8302,25,1.0,,금속 가공제품 제조업; 기계 및 가구 제외
8303,25,1.0,,금속 가공제품 제조업; 기계 및 가구 제외
8304,25,1.0,,금속 가공제품 제조업; 기계 및 가구 제외
8305,25,1.0,,금속 가공제품 제조업; 기계 및 가구 제외
8306,25,1.0,,금속 가공제품 제조업; 기계 및 가구 제외
8307,25,1.0,,금속 가공제품 제조업; 기계 및 가구 제외
8308,25,1.0,,금속 가공제품 제조업; 기계 및 가구 제외
8309,25,1.0,,금속 가공제품 제조업; 기계 및 가구 제외
8310,25,1.0,,금속 가공제품 제조업; 기계 및 가구 제외
8311,25,1.0,,금속 가공제품 제조업; 기계 및 가구 제외
8401,20,0.25,,화학 물질 및 화학제품 제조업; 의약품 제외
8401,25,0.5,,금속 가공제품 제조업; 기계 및 가구 제외
8401,29,0.25,,기타 기계 및 장비 제조업
8402,25,1.0,,금속 가공제품 제조업; 기계 및 가구 제외
8403,25,1.0,,금속 가공제품 제조업; 기계 및 가구 제외
8404,25,1.0,,금속 가공제품 제조업; 기계 및 가구 제외
8405,29,1.0,,기타 기계 및 장비 제조업
8406,29,1.0,,기타 기계 및 장비 제조업
8407,29,0.375,,기타 기계 및 장비 제조업
8407,30,0.5,,자동차 및 트레일러 제조업
8407,31,0.125,,기타 운송장비 제조업
8408,29,0.6666666666666666,,기타 기계 및 장비 제조업
8408,30,0.3333333333333333,,자동차 및 트레일러 제조업
8409,30,0.6666666666666666,,자동차 및 트레일러 제조업
8409,31,0.3333333333333333,,기타 운송장비 제조업
8410,29,1.0,,기타 기계 및 장비 제조업
8411,29,0.375,,기타 기계 및 장비 제조업
8411,31,0.625,,기타 운송장비 제조업
8412,29,0.8571428571428571,,기타 기계 및 장비 제조업
8412,31,0.14285714285714285,,기타 운송장비 제조업
8413,29,1.0,,기타 기계 및 장비 제조업
8414,28,0.2222222222222222,,전기장비 제조업
8414,29,0.7777777777777777,,기타 기계 및 장비 제조업
8415,29,1.0,,기타 기계 및 장비 제조업
8416,29,1.0,,기타 기계 및 장비 제조업
8417,27,0.25,,"의료, 정밀, 광학 기기 및 시계 제조업"
8417,29,0.75,,기타 기계 및 장비 제조업
8418,28,0.5,,전기장비 제조업
8418,29,0.5,,기타 기계 및 장비 제조업
8419,27,0.08333333333333333,,"의료, 정밀, 광학 기기 및 시계 제조업"
8419,29,0.9166666666666666,,기타 기계 및 장비 제조업
8420,29,1.0,,기타 기계 및 장비 제조업
8421,29,1.0,,기타 기계 및 장비 제조업
8422,28,0.16666666666666666,,전기장비 제조업
8422,29,0.8333333333333333,,기타 기계 및 장비 제조업
8423,29,1.0,,기타 기계 및 장비 제조업
8424,29,1.0,,기타 기계 및 장비 제조업
8425,29,1.0,,기타 기계 및 장비 제조업
8426,29,1.0,,기타 기계 및 장비 제조업
8427,29,1.0,,기타 기계 및 장비 제조업
8428,29,1.0,,기타 기계 및 장비 제조업
8429,29,1.0,,기타 기계 및 장비 제조업
8430,29,1.0,,기타 기계 및 장비 제조업
8431,29,1.0,,기타 기계 및 장비 제조업
8432,29,1.0,,기타 기계 및 장비 제조업
8433,29,1.0,,기타 기계 및 장비 제조업
8434,29,1.0,,기타 기계 및 장비 제조업
8435,29,1.0,,기타 기계 및 장비 제조업
8436,29,1.0,,기타 기계 및 장비 제조업
8437,29,1.0,,기타 기계 및 장비 제조업
8438,29,1.0,,기타 기계 및 장비 제조업
8439,29,1.0,,기타 기계 및 장비 제조업
8440,29,1.0,,기타 기계 및 장비 제조업
8441,29,1.0,,기타 기계 및 장비 제조업
8442,18,0.3333333333333333,,인쇄 및 기록매체 복제업
8442,29,0.6666666666666666,,기타 기계 및 장비 제조업
8443,26,0.13461538461538464,,"전자 부품, 컴퓨터, 영상, 음향 및 통신장비 제조업"
8443,29,0.8653846153846154,,기타 기계 및 장비 제조업
8444,29,1.0,,기타 기계 및 장비 제조업
8445,29,1.0,,기타 기계 및 장비 제조업
8446,29,1.0,,기타 기계 및 장비 제조업
8447,29,1.0,,기타 기계 및 장비 제조업
8448,29,1.0,,기타 기계 및 장비 제조업
8449,29,1.0,,기타 기계 및 장비 제조업
8450,28,0.6000000000000001,,전기장비 제조업
8450,29,0.4,,기타 기계 및 장비 제조업
8451,28,0.125,,전기장비 제조업
8451,29,0.875,,기타 기계 및 장비 제조업
8452,29,1.0,,기타 기계 및 장비 제조업
8453,29,1.0,,기타 기계 및 장비 제조업
8454,29,1.0,,기타 기계 및 장비 제조업
8455,29,1.0,,기타 기계 및 장비 제조업
8456,29,1.0,,기타 기계 및 장비 제조업
8457,29,1.0,,기타 기계 및 장비 제조업
8458,29,1.0,,기타 기계 및 장비 제조업
8459,29,1.0,,기타 기계 및 장비 제조업
8460,29,1.0,,기타 기계 및 장비 제조업
8461,29,1.0,,기타 기계 및 장비 제조업
8462,29,1.0,,기타 기계 및 장비 제조업
8463,29,1.0,,기타 기계 및 장비 제조업
8464,29,1.0,,기타 기계 및 장비 제조업
8465,29,1.0,,기타 기계 및 장비 제조업
8466,29,1.0,,기타 기계 및 장비 제조업
8467,29,1.0,,기타 기계 및 장비 제조업
8468,29,1.0,,기타 기계 및 장비 제조업
8470,26,0.08333333333333333,,"전자 부품, 컴퓨터, 영상, 음향 및 통신장비 제조업"
8470,29,0.9166666666666666,,기타 기계 및 장비 제조업
8471,26,1.0,,"전자 부품, 컴퓨터, 영상, 음향 및 통신장비 제조업"
8472,26,0.1111111111111111,,"전자 부품, 컴퓨터, 영상, 음향 및 통신장비 제조업"
8472,29,0.8888888888888888,,기타 기계 및 장비 제조업
8473,26,0.6000000000000001,,"전자 부품, 컴퓨터, 영상, 음향 및 통신장비 제조업"
8473,29,0.4,,기타 기계 및 장비 제조업
8474,29,1.0,,기타 기계 및 장비 제조업
8475,29,1.0,,기타 기계 및 장비 제조업
8476,29,1.0,,기타 기계 및 장비 제조업
8477,29,1.0,,기타 기계 및 장비 제조업
8478,29,1.0,,기타 기계 및 장비 제조업
8479,29,1.0,,기타 기계 및 장비 제조업
8480,25,1.0,,금속 가공제품 제조업; 기계 및 가구 제외
8481,29,1.0,,기타 기계 및 장비 제조업
8482,29,1.0,,기타 기계 및 장비 제조업
8483,29,1.0,,기타 기계 및 장비 제조업
8484,29,1.0,,기타 기계 및 장비 제조업
8486,29,1.0,,기타 기계 및 장비 제조업
8487,25,0.5,,금속 가공제품 제조업; 기계 및 가구 제외
8487,29,0.5,,기타 기계 및 장비 제조업
8501,28,1.0,,전기장비 제조업
8502,28,1.0,,전기장비 제조업
8503,28,1.0,,전기장비 제조업
8504,28,1.0,,전기장비 제조업
8505,23,0.25,,비금속 광물제품 제조업
8505,25,0.25,,금속 가공제품 제조업; 기계 및 가구 제외
8505,28,0.5,,전기장비 제조업
8506,28,1.0,,전기장비 제조업
8507,28,1.0,,전기장비 제조업
8508,28,0.5,,전기장비 제조업
8508,29,0.5,,기타 기계 및 장비 제조업
8509,28,1.0,,전기장비 제조업
8510,28,1.0,,전기장비 제조업
8511,26,0.03571428571428571,,"전자 부품, 컴퓨터, 영상, 음향 및 통신장비 제조업"
8511,28,0.5,,전기장비 제조업
8511,30,0.46428571428571425,,자동차 및 트레일러 제조업
8512,26,0.05,,"전자 부품, 컴퓨터, 영상, 음향 및 통신장비 제조업"
8512,28,0.5,,전기장비 제조업
8512,30,0.45,,자동차 및 트레일러 제조업
8513,28,1.0,,전기장비 제조업
8514,27,0.4,,"의료, 정밀, 광학 기기 및 시계 제조업"
8514,29,0.6000000000000001,,기타 기계 및 장비 제조업
8515,28,0.5,,전기장비 제조업
8515,29,0.5,,기타 기계 및 장비 제조업
8516,28,1.0,,전기장비 제조업
8517,26,1.0,,"전자 부품, 컴퓨터, 영상, 음향 및 통신장비 제조업"
8518,26,1.0,,"전자 부품, 컴퓨터, 영상, 음향 및 통신장비 제조업"
8519,26,1.0,,"전자 부품, 컴퓨터, 영상, 음향 및 통신장비 제조업"
8521,26,1.0,,"전자 부품, 컴퓨터, 영상, 음향 및 통신장비 제조업"
8522,26,1.0,,"전자 부품, 컴퓨터, 영상, 음향 및 통신장비 제조업"
8523,26,0.5096153846153846,,"전자 부품, 컴퓨터, 영상, 음향 및 통신장비 제조업"
8523,33,0.1875,,기타 제품 제조업
8523,비제조,0.30288461538461536,,비제조
8525,26,0.8888888888888888,,"전자 부품, 컴퓨터, 영상, 음향 및 통신장비 제조업"
8525,27,0.1111111111111111,,"의료, 정밀, 광학 기기 및 시계 제조업"
8526,27,1.0,,"의료, 정밀, 광학 기기 및 시계 제조업"
8527,26,1.0,,"전자 부품, 컴퓨터, 영상, 음향 및 통신장비 제조업"
8528,26,1.0,,"전자 부품, 컴퓨터, 영상, 음향 및 통신장비 제조업"
8529,26,0.6666666666666666,,"전자 부품, 컴퓨터, 영상, 음향 및 통신장비 제조업"
8529,27,0.3333333333333333,,"의료, 정밀, 광학 기기 및 시계 제조업"
8530,26,0.08333333333333333,,"전자 부품, 컴퓨터, 영상, 음향 및 통신장비 제조업"
8530,28,0.8333333333333333,,전기장비 제조업
8530,30,0.08333333333333333,,자동차 및 트레일러 제조업
8531,26,0.3125,,"전자 부품, 컴퓨터, 영상, 음향 및 통신장비 제조업"
8531,28,0.625,,전기장비 제조업
8531,30,0.0625,,자동차 및 트레일러 제조업
8532,26,0.5,,"전자 부품, 컴퓨터, 영상, 음향 및 통신장비 제조업"
8532,28,0.5,,전기장비 제조업
8533,26,0.5,,"전자 부품, 컴퓨터, 영상, 음향 및 통신장비 제조업"
8533,28,0.5,,전기장비 제조업
8534,26,1.0,,"전자 부품, 컴퓨터, 영상, 음향 및 통신장비 제조업"
8535,28,1.0,,전기장비 제조업
8536,26,0.1,,"전자 부품, 컴퓨터, 영상, 음향 및 통신장비 제조업"
8536,28,0.9,,전기장비 제조업
8537,28,1.0,,전기장비 제조업
8538,28,1.0,,전기장비 제조업
8539,28,1.0,,전기장비 제조업
8540,26,1.0,,"전자 부품, 컴퓨터, 영상, 음향 및 통신장비 제조업"
8541,26,1.0,,"전자 부품, 컴퓨터, 영상, 음향 및 통신장비 제조업"
8542,26,1.0,,"전자 부품, 컴퓨터, 영상, 음향 및 통신장비 제조업"
8543,26,0.05,,"전자 부품, 컴퓨터, 영상, 음향 및 통신장비 제조업"
8543,28,0.9,,전기장비 제조업
8543,30,0.05,,자동차 및 트레일러 제조업
8544,28,0.9375,,전기장비 제조업
8544,30,0.0625,,자동차 및 트레일러 제조업
8545,28,1.0,,전기장비 제조업
8546,23,0.6666666666666666,,비금속 광물제품 제조업
8546,28,0.3333333333333333,,전기장비 제조업
8547,22,0.3333333333333333,,고무 및 플라스틱제품 제조업
8547,23,0.3333333333333333,,비금속 광물제품 제조업
8547,28,0.3333333333333333,,전기장비 제조업
8548,26,0.125,,"전자 부품, 컴퓨터, 영상, 음향 및 통신장비 제조업"
8548,28,0.25,,전기장비 제조업
8548,30,0.125,,자동차 및 트레일러 제조업
8548,미연결,0.5,,미연결
8601,31,1.0,,기타 운송장비 제조업
8602,31,1.0,,기타 운송장비 제조업
8603,31,1.0,,기타 운송장비 제조업
8604,31,1.0,,기타 운송장비 제조업
8605,31,1.0,,기타 운송장비 제조업
8606,31,1.0,,기타 운송장비 제조업
8607,25,0.5,,금속 가공제품 제조업; 기계 및 가구 제외
8607,31,0.5,,기타 운송장비 제조업
8608,25,0.5,,금속 가공제품 제조업; 기계 및 가구 제외
8608,31,0.5,,기타 운송장비 제조업
8609,30,1.0,,자동차 및 트레일러 제조업
8701,29,0.875,,기타 기계 및 장비 제조업
8701,30,0.125,,자동차 및 트레일러 제조업
8702,30,1.0,,자동차 및 트레일러 제조업
8703,30,1.0,,자동차 및 트레일러 제조업
8704,29,0.14285714285714285,,기타 기계 및 장비 제조업
8704,30,0.8571428571428571,,자동차 및 트레일러 제조업
8705,30,1.0,,자동차 및 트레일러 제조업
8706,30,1.0,,자동차 및 트레일러 제조업
8707,30,1.0,,자동차 및 트레일러 제조업
8708,30,1.0,,자동차 및 트레일러 제조업
8709,29,1.0,,기타 기계 및 장비 제조업
8710,31,1.0,,기타 운송장비 제조업
8711,31,1.0,,기타 운송장비 제조업
8712,31,1.0,,기타 운송장비 제조업
8713,31,1.0,,기타 운송장비 제조업
8714,31,1.0,,기타 운송장비 제조업
8715,31,1.0,,기타 운송장비 제조업
8716,29,0.2857142857142857,,기타 기계 및 장비 제조업
8716,30,0.6428571428571428,,자동차 및 트레일러 제조업
8716,31,0.07142857142857142,,기타 운송장비 제조업
8801,31,1.0,,기타 운송장비 제조업
8802,31,1.0,,기타 운송장비 제조업
8803,31,1.0,,기타 운송장비 제조업
8804,13,1.0,,섬유제품 제조업; 의복 제외
8805,29,1.0,,기타 기계 및 장비 제조업
8901,31,1.0,,기타 운송장비 제조업
8902,31,1.0,,기타 운송장비 제조업
8903,31,1.0,,기타 운송장비 제조업
8904,31,1.0,,기타 운송장비 제조업
8905,31,1.0,,기타 운송장비 제조업
8906,31,1.0,,기타 운송장비 제조업
8907,31,1.0,,기타 운송장비 제조업
8908,미연결,1.0,,미연결
9001,27,0.5,,"의료, 정밀, 광학 기기 및 시계 제조업"
9001,28,0.5,,전기장비 제조업
9002,27,0.625,,"의료, 정밀, 광학 기기 및 시계 제조업"
9002,28,0.375,,전기장비 제조업
9003,27,1.0,,"의료, 정밀, 광학 기기 및 시계 제조업"
9004,27,1.0,,"의료, 정밀, 광학 기기 및 시계 제조업"
9005,27,1.0,,"의료, 정밀, 광학 기기 및 시계 제조업"
9006,27,1.0,,"의료, 정밀, 광학 기기 및 시계 제조업"
9007,27,1.0,,"의료, 정밀, 광학 기기 및 시계 제조업"
9008,27,1.0,,"의료, 정밀, 광학 기기 및 시계 제조업"
9010,27,1.0,,"의료, 정밀, 광학 기기 및 시계 제조업"
9011,27,1.0,,"의료, 정밀, 광학 기기 및 시계 제조업"
9012,27,1.0,,"의료, 정밀, 광학 기기 및 시계 제조업"
9013,26,0.5,,"전자 부품, 컴퓨터, 영상, 음향 및 통신장비 제조업"
9013,27,0.5,,"의료, 정밀, 광학 기기 및 시계 제조업"
9014,27,1.0,,"의료, 정밀, 광학 기기 및 시계 제조업"
9015,27,1.0,,"의료, 정밀, 광학 기기 및 시계 제조업"
9016,27,1.0,,"의료, 정밀, 광학 기기 및 시계 제조업"
9017,27,0.6000000000000001,,"의료, 정밀, 광학 기기 및 시계 제조업"
9017,29,0.4,,기타 기계 및 장비 제조업
9018,27,1.0,,"의료, 정밀, 광학 기기 및 시계 제조업"
9019,27,1.0,,"의료, 정밀, 광학 기기 및 시계 제조업"
9020,27,1.0,,"의료, 정밀, 광학 기기 및 시계 제조업"
9021,27,1.0,,"의료, 정밀, 광학 기기 및 시계 제조업"
9022,27,1.0,,"의료, 정밀, 광학 기기 및 시계 제조업"
9023,33,1.0,,기타 제품 제조업
9024,27,1.0,,"의료, 정밀, 광학 기기 및 시계 제조업"
9025,27,1.0,,"의료, 정밀, 광학 기기 및 시계 제조업"
9026,27,1.0,,"의료, 정밀, 광학 기기 및 시계 제조업"
9027,27,1.0,,"의료, 정밀, 광학 기기 및 시계 제조업"
9028,27,1.0,,"의료, 정밀, 광학 기기 및 시계 제조업"
9029,27,1.0,,"의료, 정밀, 광학 기기 및 시계 제조업"
9030,27,1.0,,"의료, 정밀, 광학 기기 및 시계 제조업"
9031,27,1.0,,"의료, 정밀, 광학 기기 및 시계 제조업"
9032,27,1.0,,"의료, 정밀, 광학 기기 및 시계 제조업"
9033,27,1.0,,"의료, 정밀, 광학 기기 및 시계 제조업"
9101,27,1.0,,"의료, 정밀, 광학 기기 및 시계 제조업"
9102,27,1.0,,"의료, 정밀, 광학 기기 및 시계 제조업"
9103,27,1.0,,"의료, 정밀, 광학 기기 및 시계 제조업"
9104,27,1.0,,"의료, 정밀, 광학 기기 및 시계 제조업"
9105,27,1.0,,"의료, 정밀, 광학 기기 및 시계 제조업"
9106,27,1.0,,"의료, 정밀, 광학 기기 및 시계 제조업"
9107,27,1.0,,"의료, 정밀, 광학 기기 및 시계 제조업"
9108,27,1.0,,"의료, 정밀, 광학 기기 및 시계 제조업"
9109,27,1.0,,"의료, 정밀, 광학 기기 및 시계 제조업"
9110,27,1.0,,"의료, 정밀, 광학 기기 및 시계 제조업"
9111,27,0.3333333333333333,,"의료, 정밀, 광학 기기 및 시계 제조업"
9111,33,0.6666666666666666,,기타 제품 제조업
9112,27,0.3333333333333333,,"의료, 정밀, 광학 기기 및 시계 제조업"
9112,33,0.6666666666666666,,기타 제품 제조업
9113,15,0.3333333333333333,,"가죽, 가방 및 신발 제조업"
9113,27,0.2222222222222222,,"의료, 정밀, 광학 기기 및 시계 제조업"
9113,33,0.4444444444444444,,기타 제품 제조업
9114,27,0.3333333333333333,,"의료, 정밀, 광학 기기 및 시계 제조업"
9114,33,0.6666666666666666,,기타 제품 제조업
9201,33,1.0,,기타 제품 제조업
9202,33,1.0,,기타 제품 제조업
9205,33,1.0,,기타 제품 제조업
9206,33,1.0,,기타 제품 제조업
9207,33,1.0,,기타 제품 제조업
9208,33,1.0,,기타 제품 제조업
9209,33,1.0,,기타 제품 제조업
9301,25,1.0,,금속 가공제품 제조업; 기계 및 가구 제외
9302,25,1.0,,금속 가공제품 제조업; 기계 및 가구 제외
9303,25,1.0,,금속 가공제품 제조업; 기계 및 가구 제외
9304,25,1.0,,금속 가공제품 제조업; 기계 및 가구 제외
9305,25,1.0,,금속 가공제품 제조업; 기계 및 가구 제외
9306,25,1.0,,금속 가공제품 제조업; 기계 및 가구 제외
9307,25,1.0,,금속 가공제품 제조업; 기계 및 가구 제외
9401,30,0.09615384615384616,,자동차 및 트레일러 제조업
9401,31,0.19230769230769232,,기타 운송장비 제조업
9401,32,0.7115384615384616,,가구 제조업
9402,27,1.0,,"의료, 정밀, 광학 기기 및 시계 제조업"
9403,32,1.0,,가구 제조업
9404,13,0.4,,섬유제품 제조업; 의복 제외
9404,32,0.6000000000000001,,가구 제조업
9405,22,0.1111111111111111,,고무 및 플라스틱제품 제조업
9405,23,0.1111111111111111,,비금속 광물제품 제조업
9405,28,0.7777777777777777,,전기장비 제조업
9406,16,0.5,,목재 및 나무제품 제조업; 가구 제외
9406,22,0.16666666666666666,,고무 및 플라스틱제품 제조업
9406,23,0.16666666666666666,,비금속 광물제품 제조업
9406,25,0.16666666666666666,,금속 가공제품 제조업; 기계 및 가구 제외
9503,33,1.0,,기타 제품 제조업
9504,26,0.1,,"전자 부품, 컴퓨터, 영상, 음향 및 통신장비 제조업"
9504,33,0.8,,기타 제품 제조업
9504,비제조,0.1,,비제조
9505,33,1.0,,기타 제품 제조업
9506,33,1.0,,기타 제품 제조업
9507,33,1.0,,기타 제품 제조업
9508,29,1.0,,기타 기계 및 장비 제조업
9601,33,1.0,,기타 제품 제조업
9602,33,1.0,,기타 제품 제조업
9603,33,1.0,,기타 제품 제조업
9604,33,1.0,,기타 제품 제조업
9605,15,1.0,,"가죽, 가방 및 신발 제조업"
9606,33,1.0,,기타 제품 제조업
9607,33,1.0,,기타 제품 제조업
9608,33,1.0,,기타 제품 제조업
9609,33,1.0,,기타 제품 제조업
9610,32,1.0,,가구 제조업
9611,33,1.0,,기타 제품 제조업
9612,33,1.0,,기타 제품 제조업
9613,33,1.0,,기타 제품 제조업
9614,33,1.0,,기타 제품 제조업
9615,33,1.0,,기타 제품 제조업
9616,33,1.0,,기타 제품 제조업
9617,33,1.0,,기타 제품 제조업
9618,33,1.0,,기타 제품 제조업
9619,17,1.0,,"펄프, 종이 및 종이제품 제조업"
9620,16,0.07692307692307693,,목재 및 나무제품 제조업; 가구 제외
9620,22,0.07692307692307693,,고무 및 플라스틱제품 제조업
9620,23,0.07692307692307693,,비금속 광물제품 제조업
9620,25,0.07692307692307693,,금속 가공제품 제조업; 기계 및 가구 제외
9620,26,0.20512820512820512,,"전자 부품, 컴퓨터, 영상, 음향 및 통신장비 제조업"
9620,27,0.2564102564102564,,"의료, 정밀, 광학 기기 및 시계 제조업"
9620,29,0.15384615384615385,,기타 기계 및 장비 제조업
9620,33,0.07692307692307693,,기타 제품 제조업
9701,비제조,1.0,,비제조
9702,비제조,1.0,,비제조
9703,비제조,1.0,,비제조
9704,비제조,1.0,,비제조
9705,비제조,1.0,,비제조
9706,비제조,1.0,,비제조
8524,26,1.0,평판디스플레이 모듈 → 전자부품(ISIC 2610),"전자 부품, 컴퓨터, 영상, 음향 및 통신장비 제조업"
8485,29,1.0,적층제조기계 → 기타 기계(ISIC 2829),기타 기계 및 장비 제조업
8807,31,1.0,항공기·무인기 부분품 → 기타 운송장비(ISIC 3030),기타 운송장비 제조업
8806,31,1.0,무인기 → 기타 운송장비(ISIC 3030),기타 운송장비 제조업
3827,20,1.0,할로겐화 유도체 혼합물 → 화학(ISIC 2011),화학 물질 및 화학제품 제조업; 의약품 제외
2404,12,1.0,담배·니코틴 물품 → 담배(ISIC 1200),담배 제조업
8549,비제조,1.0,"전기·전자 폐기물·스크랩 → 재생(ISIC 3830, 비제조)",비제조
2424,비제조,1.0,이사화물 → 품목 아님,비제조
