N,법인,노출법인,비노출법인,월,자유도,σ_y,sd_X,raw,SE_샌드위치,구조,계정,SE_실제,N_실제,k,SE_근사,근사/실제,샌드위치/실제
184846,9336,974,8362,29,28,1.3660101639736772,0.03848387046442731,0.08256009007460983,0.16250290580514695,1 harmonized C1,요구불,0.113492621667047,184846,1.3746668828060062,0.113492621667047,1.0,1.431836743377744
165674,8310,936,7374,29,28,0.9013192702665465,0.03965939513449226,0.05583485481402328,0.108355443719502,1 harmonized C1,운전자금,0.1144132454026595,165674,1.3746668828060062,0.07675432581911931,0.6708517492795042,0.947053318330076
16971,768,170,598,29,28,2.1097818859382897,0.050828164971053254,0.31862467956032176,0.5414181975691176,1 harmonized C1,거치식,0.4899053529855707,16971,1.3746668828060062,0.4380027950362501,0.8940559484949141,1.1051485644515178
14674,637,139,498,29,28,1.3289146631723843,0.05210698445078247,0.2105362561132283,0.4510746253802044,1 harmonized C1,적립식,0.3672776203636709,14674,1.3746668828060062,0.2894172189088185,0.7880066817636299,1.2281571224883219
8045,809,809,0,16,15,1.486137554588288,1.0337825293681568,0.0160275372994479,0.020558018713093845,2 firm_shock,요구불,0.0204307566597461,8045,1.274728380164174,0.0204307566597461,1.0,1.00622894469682
7754,784,784,0,16,15,0.9492701174020458,1.020395832018628,0.010564725937154748,0.02504046678157797,2 firm_shock,운전자금,0.0239828366560112,7754,1.274728380164174,0.013467155980747707,0.5615330735854476,1.0440994591564163
1354,140,140,0,16,15,1.9372800417562843,1.2584494230109153,0.041835725633899395,0.07246092524134759,2 firm_shock,거치식,0.0718703554020794,1354,1.274728380164174,0.053329186770293385,0.7420192438445968,1.0082171548472836
1288,119,119,0,16,15,1.1318374881348137,0.8663606865357812,0.03640218110748125,0.08740157417336641,2 firm_shock,적립식,0.0677522092182377,1288,1.274728380164174,0.04640289335758247,0.6848912218952652,1.2900180699914277
1354,140,140,0,16,15,0.30540472688212833,1.2584494230109153,0.006595240794177377,0.009875038806566821,2 firm_shock,거치식_HOLD,0.0097943369570253,1354,1.274728380164174,0.008407140614354408,0.858367508820913,1.008239643979538
1288,119,119,0,16,15,0.29503736234246647,0.8663606865357812,0.009488997855304106,0.023640496452153065,2 firm_shock,적립식_HOLD,0.0197291252023186,1288,1.274728380164174,0.012095894865473125,0.6130983883690695,1.198253658473149
