ym,TF_비노출,TF_노출,TF_전체,PF_비노출,PF_노출,PF_전체,AR_비노출,AR_노출,AR_전체,SUM3_비노출,SUM3_노출,SUM3_전체,SUM4_비노출,SUM4_노출,SUM4_전체
202301,32,87,119,120,55,175,76,15,91,219,141,360,317,174,491
202302,35,91,126,120,59,179,76,12,88,222,144,366,322,181,503
202303,30,89,119,115,54,169,67,14,81,204,140,344,300,174,474
202304,29,87,116,116,59,175,73,14,87,208,144,352,303,182,485
202305,28,84,112,117,55,172,64,14,78,200,137,337,286,170,456
202306,29,85,114,116,55,171,59,12,71,196,134,330,283,165,448
202307,28,83,111,118,56,174,68,13,81,206,137,343,291,169,460
202308,28,83,111,117,58,175,67,11,78,203,136,339,287,168,455
202309,26,82,108,118,56,174,71,13,84,205,136,341,298,172,470
202310,29,86,115,118,53,171,65,16,81,202,140,342,286,170,456
202311,27,80,107,117,51,168,65,14,79,200,130,330,276,163,439
202312,24,76,100,113,49,162,69,17,86,198,128,326,295,169,464
202401,26,77,103,113,51,164,55,15,70,186,129,315,274,162,436
202402,28,81,109,113,49,162,59,16,75,190,130,320,270,168,438
202403,23,82,105,111,53,164,60,16,76,185,134,319,261,171,432
202404,22,77,99,114,52,166,59,13,72,185,126,311,261,158,419
202405,25,80,105,113,50,163,64,12,76,192,127,319,267,157,424
202406,22,76,98,110,48,158,62,12,74,185,122,307,265,158,423
202407,20,76,96,109,52,161,59,11,70,181,125,306,256,164,420
202408,20,82,102,111,52,163,62,13,75,186,131,317,265,166,431
202409,18,73,91,107,48,155,55,13,68,175,119,294,249,153,402
202410,21,75,96,110,49,159,54,10,64,178,121,299,260,158,418
202411,21,73,94,108,51,159,56,9,65,179,120,299,262,157,419
202412,23,71,94,102,45,147,59,12,71,177,114,291,258,145,403
202501,22,71,93,108,44,152,59,8,67,182,110,292,250,139,389
202502,20,73,93,104,44,148,62,14,76,179,116,295,249,142,391
202503,21,78,99,102,47,149,56,16,72,171,125,296,241,154,395
202504,20,76,96,101,43,144,58,11,69,171,117,288,236,151,387
202505,22,69,91,99,44,143,55,10,65,168,110,278,238,144,382
202506,19,69,88,102,40,142,48,9,57,161,106,267,231,138,369
202507,19,67,86,98,43,141,56,9,65,165,107,272,233,136,369
202508,18,66,84,99,43,142,58,10,68,167,106,273,237,133,370
202509,19,62,81,97,44,141,49,11,60,161,104,265,224,132,356
202510,23,64,87,96,44,140,58,10,68,171,105,276,233,130,363
202511,22,64,86,98,40,138,59,12,71,171,103,274,231,134,365
202512,21,61,82,101,40,141,52,11,63,167,101,268,230,128,358
