계정,업종,모형,h,β3,SE,p,CI_lo,CI_hi,환산,단위,γ,N,노출법인,비노출법인,월,pf_β3,pf_SE,p_holm,p_holm_36
거치식,1차 금속,업종_C1,-6,0.49890284258961803,1.920717417112871,0.7968932569092253,-3.42940535305019,4.4272110382294265,-4.866620493263718,%,0.025179116289328122,767,19,11,30,,,,
거치식,1차 금속,업종_C1,-5,1.6379161837666691,1.4879253305452407,0.28003490302261486,-1.4052328075445586,4.681065175077897,-15.108109745078247,%,0.06605455305726919,791,19,11,31,,,,
거치식,1차 금속,업종_C1,-4,1.5350695689183858,1.191162447178969,0.20768336135503238,-0.9011311766473726,3.971270314484144,-14.230520271186297,%,0.08494142834220236,814,19,11,32,,,,
거치식,1차 금속,업종_C1,-3,1.1123948613455263,0.7369627953910634,0.14200797691722816,-0.3948632929372553,2.619653015628308,-10.527555083067664,%,0.08827822605014896,842,19,11,33,,,,
거치식,1차 금속,업종_C1,-2,0.07064691573136511,0.08202944200475529,0.3961719687142957,-0.09712213058436592,0.23841596204709614,-0.7039795302282603,%,0.010205123037373495,869,19,11,34,,,,
거치식,1차 금속,업종_C1,0,-0.27264296579851516,0.14926490436541454,0.07807514494157272,-0.5779239727367642,0.0326380411397339,2.7639368445369072,%,-0.0037878389182205204,925,19,11,35,,,,
거치식,1차 금속,업종_C1,1,-0.7577988584416296,0.5261220488176657,0.16047869744964427,-1.8338392680631088,0.31824155117984965,7.872510535717447,%,-0.0017146377632296774,869,19,11,34,,,0.447246772567479,1.0
거치식,1차 금속,업종_C1,2,-1.4613161774581618,0.8336600855463486,0.09018774351285094,-3.1663424958804396,0.24371014096411603,15.734850562816272,%,-0.02015946311075182,844,19,11,33,,,0.447246772567479,1.0
거치식,1차 금속,업종_C1,3,-1.660379105629439,1.0852782110105217,0.13687492932607873,-3.880022272748909,0.5592640614900313,18.061785876253577,%,-0.11783207088349955,815,19,11,32,,,0.447246772567479,1.0
거치식,1차 금속,업종_C1,4,-2.1931540120720086,1.554372845454803,0.16889541040337466,-5.372203430522328,0.9858954063783107,24.522395989808388,%,-0.03710088993370757,792,19,11,31,,,0.447246772567479,1.0
거치식,1차 금속,업종_C1,5,-3.1825551612157525,1.661102956640756,0.06527959487595415,-6.579892166771702,0.2147818443401972,37.47274813887109,%,-0.1288862505521783,768,19,11,30,,,0.447246772567479,1.0
거치식,1차 금속,업종_C1,6,-3.7735898523378246,1.9371613581535825,0.061503592004004945,-7.741685013189399,0.19450530851375003,45.84277694421544,%,-0.15478243967493302,738,19,11,29,,,0.447246772567479,1.0
거치식,1차 금속,업종_C1,7,-4.469683513123601,2.3517427951024428,0.06808274431288623,-9.295061147027434,0.35569412078023177,56.35648137289513,%,-0.05362902841802637,711,19,11,28,,,0.447246772567479,1.0
거치식,1차 금속,업종_C1,8,-4.9189456929619535,2.4579432045911087,0.05590584657093488,-9.971320308511181,0.13342892258727357,63.541168751037766,%,-0.16410367765702244,682,19,11,27,,,0.447246772567479,1.0
거치식,1차 금속,업종_C1,9,-6.4543657883913825,2.5578560302018913,0.018353366721581752,-11.72236889498468,-1.1863626817980855,90.68193245446072,%,-0.1373289209652022,655,19,11,26,,,0.16518030049423577,0.6056611018121978
거치식,1차 금속,업종_C1,10,-7.658652275469391,2.5449619930053737,0.006069494555194452,-12.911195672231173,-2.4061088787076095,115.08545484071284,%,-0.11565717220014751,627,19,11,25,,,0.06358635478384608,0.20636281487661137
거치식,1차 금속,업종_C1,11,-8.5602709468873,2.8134458084084324,0.005780577707622372,-14.380327029952976,-2.740214863821624,135.3790705397182,%,-0.014008759240050322,602,19,11,24,,,0.06358635478384608,0.202320219766783
거치식,1차 금속,업종_C1,12,-9.60910605333522,2.84174961046037,0.0026879266962903576,-15.502534036195733,-3.7156780704747048,161.40757813021693,%,-0.21999881601786592,578,19,11,23,,,0.03225512035548429,0.09676536106645288
거치식,기타 기계,업종_C1,-6,-0.9851356236912686,3.2488945603907067,0.7638854994173447,-7.6298710827660425,5.659599835383505,10.352937076557001,%,0.16187740579444498,776,19,19,30,,,,
거치식,기타 기계,업종_C1,-5,-0.9289056449861329,2.534355577082984,0.7165455272303323,-6.10475023453614,4.246938944563873,9.73416405642622,%,0.11886057562822352,809,19,18,31,,,,
거치식,기타 기계,업종_C1,-4,-0.8829388337952905,2.211020744859792,0.6923840432580548,-5.39234537319824,3.626467705607659,9.230908634863422,%,0.08712676493656982,842,19,20,32,,,,
거치식,기타 기계,업종_C1,-3,-0.5677682433623815,1.1455544978116017,0.623544085420641,-2.901186396705525,1.765649909980762,5.8419570544792965,%,-9.821462705257019e-05,875,19,20,33,,,,
거치식,기타 기계,업종_C1,-2,-0.2694005983295727,0.5148228128507419,0.6042702652721266,-1.316815486550305,0.7780142898911597,2.7306224011316216,%,0.08533986062131098,901,19,20,34,,,,
거치식,기타 기계,업종_C1,0,0.06692953944789502,0.4139852123334186,0.8725216079369159,-0.7743896352554248,0.9082487141512149,-0.6670606014221647,%,0.034309835267175515,990,19,21,35,,,,
거치식,기타 기계,업종_C1,1,0.04393491530587177,1.0287547325025093,0.9661925507877153,-2.0490823252938855,2.136952155905629,-0.43838542655857404,%,0.05325195649920381,901,19,20,34,,,1.0,1.0
거치식,기타 기계,업종_C1,2,0.8582407424989447,1.8514548493786023,0.646108288489457,-2.91304937411123,4.62953085910912,-8.22443261258855,%,0.02190122273336382,874,19,20,33,,,1.0,1.0
거치식,기타 기계,업종_C1,3,0.7529605043403773,2.3209370822379256,0.7477984236183194,-3.980621883123919,5.486542891804674,-7.253113188082461,%,0.019267037329834633,840,19,20,32,,,1.0,1.0
거치식,기타 기계,업종_C1,4,0.1065263080833669,2.628989783008087,0.9679471389869574,-5.262587113651418,5.475639729818151,-1.0596092475521734,%,0.07173321653501333,806,19,18,31,,,1.0,1.0
거치식,기타 기계,업종_C1,5,-2.42466788545159,2.946953479426516,0.4173526659841989,-8.45186449556081,3.60252872465763,27.438892415037962,%,0.09642647889371926,774,19,19,30,,,1.0,1.0
거치식,기타 기계,업종_C1,6,-3.694321451532593,2.956131692722294,0.22174921607602616,-9.749682722992207,2.3610398199270204,44.691274491903755,%,0.17919097848710674,744,19,19,29,,,1.0,1.0
거치식,기타 기계,업종_C1,7,-5.427133319295369,3.295601759574889,0.11119491090885807,-12.189149579757249,1.3348829411665104,72.06692808796262,%,0.19412020407329156,717,19,19,28,,,0.7783643763620065,1.0
거치식,기타 기계,업종_C1,8,-7.534078218034435,3.8559846882712945,0.06155423612573708,-15.460168259732246,0.39201182366337495,112.42266820274067,%,0.07489374671140872,689,19,19,27,,,0.602880516814579,1.0
거치식,기타 기계,업종_C1,9,-8.232218113735414,4.160039569147109,0.05894526696039609,-16.7999799873731,0.3355437599022739,127.78267563699882,%,0.3002049508008778,666,19,19,26,,,0.602880516814579,1.0
거치식,기타 기계,업종_C1,10,-7.368222919623896,3.9833084764229447,0.07669805731506517,-15.58936755463393,0.8529217153861364,108.92858143620488,%,0.09546129427814859,629,18,18,25,,,0.6135844585205213,1.0
거치식,기타 기계,업종_C1,11,-8.4741836833684,4.1881630210185525,0.05480731971041627,-17.138058990474065,0.18969162373726256,133.36145354923593,%,0.20197492399468248,600,18,18,24,,,0.602880516814579,1.0
거치식,기타 기계,업종_C1,12,-9.838642656384335,4.516752698922206,0.040385438226829155,-19.205814433061917,-0.4714708797067555,167.47723278412528,%,0.29222967454160603,565,18,17,23,,,0.48462525872194984,1.0
거치식,도매·상품중개,업종_C1,-6,-1.191165685865025,0.8847095856582525,0.18860628642063673,-3.0005999551322255,0.6182685834021755,12.650122529059393,%,-0.04483490502239834,2323,19,80,30,,,,
거치식,도매·상품중개,업종_C1,-5,-1.070020459322428,0.7883604704166814,0.1848184831893647,-2.6800673336911034,0.5400264150462473,11.293653146973014,%,-0.03231341685304784,2410,18,81,31,,,,
거치식,도매·상품중개,업종_C1,-4,-1.1492490155765032,0.6542522560774052,0.08886414571580357,-2.4836052891815577,0.18510725802855132,12.178918978774146,%,-0.031980604924160105,2521,20,81,32,,,,
거치식,도매·상품중개,업종_C1,-3,-0.26973016176644404,0.5974557594804842,0.6546996631750592,-1.486707719494521,0.947247395961633,2.7340080826202096,%,-0.037951209445539646,2620,20,83,33,,,,
거치식,도매·상품중개,업종_C1,-2,-0.1618627897770306,0.15414016655508125,0.301301257252049,-0.4754633165847323,0.15173773703067106,1.6317986449682076,%,-0.0031053222342983322,2704,19,83,34,,,,
거치식,도매·상품중개,업종_C1,0,0.011814787636919427,0.09485093844701577,0.9016041531488215,-0.18094551122566127,0.20457508649950013,-0.11807810924456819,%,-0.01399045661987837,2863,20,85,35,,,,
거치식,도매·상품중개,업종_C1,1,0.07526857690247232,0.3811934290356554,0.8446826568677056,-0.7002752857577373,0.850812439562682,-0.7498601833949903,%,-0.033303930203366,2704,19,83,34,,,1.0,1.0
거치식,도매·상품중개,업종_C1,2,0.0820039120155627,0.5398651297168874,0.880221785654571,-1.017665371676178,1.1816731957073034,-0.8166859713335084,%,-0.049700080039937616,2617,20,83,33,,,1.0,1.0
거치식,도매·상품중개,업종_C1,3,-0.07574288836789332,0.6673382989104514,0.9103660467266943,-1.4367883222910647,1.2853025455552782,0.7603046322463891,%,0.009732017865548982,2521,20,81,32,,,1.0,1.0
거치식,도매·상품중개,업종_C1,4,0.3086909589339157,0.8774608425033759,0.7274472116944367,-1.4833231511936071,2.1007050690614384,-3.0397510283428297,%,0.02153609583756079,2412,18,81,31,,,1.0,1.0
거치식,도매·상품중개,업종_C1,5,0.6882507018010944,1.019189483589031,0.5048393791234903,-1.3962258409851145,2.772727244587303,-6.651003897281582,%,0.004217986257286878,2328,19,80,30,,,1.0,1.0
거치식,도매·상품중개,업종_C1,6,0.7086965701272053,1.1109361585276245,0.5287039955291309,-1.5669529910793552,2.9843461313337656,-6.841669043406706,%,0.006546593960090542,2237,19,78,29,,,1.0,1.0
거치식,도매·상품중개,업종_C1,7,0.7190596109101289,1.1207756239039315,0.5265598660184683,-1.5805820163431883,3.018701238163446,-6.938159396395482,%,-0.08325265348610816,2136,18,77,28,,,1.0,1.0
거치식,도매·상품중개,업종_C1,8,0.6871282321022337,1.1024854331292142,0.5385471550946839,-1.579063031369805,2.9533194955742728,-6.6405251672353005,%,0.005193709147074253,2056,19,77,27,,,1.0,1.0
거치식,도매·상품중개,업종_C1,9,0.23096416930711072,1.242945152466175,0.8540853387810342,-2.3289292911548016,2.790857629769023,-2.2831736333627672,%,0.06554464436287365,1971,18,77,26,,,1.0,1.0
거치식,도매·상품중개,업종_C1,10,-0.08044757566718606,1.3206770922382312,0.9519322158459822,-2.806191126712753,2.645295975378381,0.8077203577274927,%,0.0005505551844396264,1872,17,76,25,,,1.0,1.0
거치식,도매·상품중개,업종_C1,11,-0.369509401600451,1.3565728163298072,0.7877568217241374,-3.175794082188709,2.436775278987807,3.764211303340703,%,-0.005270342279404751,1792,18,76,24,,,1.0,1.0
거치식,도매·상품중개,업종_C1,12,-0.6014395096978958,1.3288103466111585,0.6552577941310536,-3.35722349988699,2.154344480491198,6.198940994814639,%,0.13627982180300216,1702,18,76,23,,,1.0,1.0
