계정,업종,모형,h,β3,SE,p,CI_lo,CI_hi,환산,단위,γ,N,노출법인,비노출법인,월,pf_β3,pf_SE,p_holm
요구불,,HOLD,-6,-0.009677542685663442,0.018103032247644996,0.5970145611967695,-0.046702400851031216,0.027347315479704336,0.09677542685663443,%p,0.0007942443869291481,193323,980,8537,30,,,
요구불,,HOLD,-5,-0.010457558937286348,0.014611478379888425,0.47970538061964624,-0.04029817877837351,0.019383060903800816,0.10457558937286349,%p,-0.000512067853090881,201585,987,8677,31,,,
요구불,,HOLD,-4,-0.007221162656267643,0.012494892977582484,0.5674866812383879,-0.03270466489533118,0.018262339582795894,0.07221162656267643,%p,-0.0011365582199274738,211229,997,8905,32,,,
요구불,,HOLD,-3,-0.0062609927025994785,0.006322264471690806,0.32945284040218514,-0.019139024011159647,0.006617038605960688,0.06260992702599479,%p,0.0004529678447402313,220317,1001,9058,33,,,
요구불,,HOLD,-2,-0.012780387966952501,0.005824991437115725,0.03537881101716721,-0.02463142215327585,-0.0009293537806291524,0.127803879669525,%p,-0.0005684255898225643,228822,1001,9149,34,,,
요구불,,HOLD,0,0.007212517154188099,0.003944540513619463,0.07626187593199846,-0.0008037536463963478,0.015228787954772546,-0.07212517154188099,%p,0.0003934962044250475,246418,1019,9426,35,,,
요구불,,HOLD,1,0.0015955493722114677,0.008526131078530879,0.8526995240799288,-0.015750994735117832,0.01894209347954077,-0.015955493722114678,%p,0.0003905175969866214,228822,1001,9149,34,,,1.0
요구불,,HOLD,2,0.008138287477855785,0.012357569751801509,0.5148847255188462,-0.017033258393722682,0.03330983334943425,-0.08138287477855786,%p,-7.071799260421771e-05,220305,1000,9059,33,,,1.0
요구불,,HOLD,3,0.013367730874368981,0.012631623235422945,0.2981070809890839,-0.012394634564089423,0.039130096312827385,-0.13367730874368983,%p,-0.00039178384381800737,211247,996,8916,32,,,1.0
요구불,,HOLD,4,0.013169060392921999,0.012795515569619517,0.31161561294483214,-0.012962868619085582,0.03930098940492958,-0.13169060392922,%p,0.000540968422363164,201603,988,8678,31,,,1.0
요구불,,HOLD,5,0.014798874231632566,0.015855210203182382,0.3583326280071887,-0.017628671658160934,0.04722642012142606,-0.14798874231632567,%p,0.00010309302871563478,193397,982,8541,30,,,1.0
요구불,,HOLD,6,0.01037308479034877,0.015141397755905409,0.4989254102217849,-0.020642662509610363,0.0413888320903079,-0.10373084790348772,%p,0.0004216791309390592,184846,974,8362,29,,,1.0
요구불,,HOLD,7,0.015322992371252548,0.01909533014599607,0.42930142970118407,-0.023857388744568116,0.054503373487073216,-0.1532299237125255,%p,0.00039483375584816187,175944,970,8149,28,,,1.0
요구불,,HOLD,8,0.004930889556876187,0.021227173295950783,0.818130451783739,-0.038702190052124524,0.048563969165876894,-0.04930889556876187,%p,0.0003606604316323312,168143,960,8039,27,,,1.0
요구불,,HOLD,9,-0.007078086896360496,0.016894871776559416,0.6788312416520101,-0.0418737266640082,0.02771755287128721,0.07078086896360497,%p,-0.0002454890450216621,160179,952,7928,26,,,1.0
요구불,,HOLD,10,-0.0028563245302566658,0.018816807601524883,0.880616307569848,-0.04169230667347515,0.03597965761296182,0.02856324530256666,%p,-0.0003574697314620455,152033,943,7753,25,,,1.0
요구불,,HOLD,11,0.008670458401940846,0.023873654267374925,0.7197862781325538,-0.040715958186777486,0.05805687499065918,-0.08670458401940846,%p,-0.00021905577807734266,144895,935,7635,24,,,1.0
요구불,,HOLD,12,-0.0037251310681076246,0.02273813278970858,0.8713627112447201,-0.05088113227510966,0.04343087013889441,0.03725131068107625,%p,0.0010761962621374142,137190,930,7497,23,,,1.0
