업종,N,rho,p
1차 금속 제조업,98,-0.04155004558920358,0.6845791696585941
개인 및 소비용품 수리업,32,0.32587976539589436,0.06873464670948462
"건축기술, 엔지니어링 및 기타 과학기술 서비스업",66,-0.2128676702688234,0.08615634760475714
고무 및 플라스틱제품 제조업,100,-0.11578792615691526,0.2513051061169658
교육 서비스업,72,-0.08759687434184796,0.464361608809448
금속가공제품 제조업; 기계 및 가구 제외,236,-0.07345067199839214,0.26105618917918877
기타 개인 서비스업,32,-0.02639538091921699,0.88597510721688
기타 기계 및 장비 제조업,252,-0.06436265478314328,0.30881989410423577
"기타 전문, 과학 및 기술 서비스업",22,0.3980801806888764,0.06652699004176231
기타 제품 제조업,66,-0.08445970629524129,0.5001523464753136
도매 및 상품 중개업,821,-0.03263392347834816,0.350362147208894
목재 및 나무제품 제조업; 가구 제외,32,0.2774926686217008,0.1241320559818136
보건업,35,-0.06610644257703081,0.7059500891757209
부동산업,514,-0.03591493888047164,0.41648887262071904
비금속 광물제품 제조업,88,0.08562874251497007,0.42763689534666655
사업시설 관리 및 조경 서비스업,38,-0.28394791552686294,0.08404878304287315
사업지원 서비스업,139,-0.030367697401508298,0.722680504117628
섬유제품 제조업; 의복제외,223,0.17668548475247628,0.00818149236114099
소매업; 자동차 제외,204,-0.0366888441843923,0.602382823996377
숙박업,53,-0.20772518412832353,0.1355587126431355
스포츠 및 오락관련 서비스업,48,-0.0498873600437868,0.7363213192816067
식료품 제조업,165,-0.0073951425528422385,0.9248935259981216
육상운송 및 파이프라인 운송업,133,-0.05520896565444278,0.5279277787542052
음식점 및 주점업,67,-0.1105984212799862,0.37293552834190535
"의료, 정밀, 광학기기 및 시계 제조업",42,0.20561656755259644,0.19143596009472488
임대업; 부동산 제외,31,0.24879032258064518,0.17713944721251035
자동차 및 부품 판매업,59,-0.012974868497954414,0.9223026985083421
자동차 및 트레일러 제조업,203,-0.035405212230820694,0.6160271131218467
"전기, 가스, 증기 및 공기조절 공급업",35,-0.11515831216955298,0.5100625519422218
전기장비 제조업,69,-0.15199123127511874,0.21249763015392822
전문 서비스업,81,-0.1324298381466517,0.23858033304893098
전문직별 공사업,662,-0.014905390740767872,0.7018660838218982
"전자부품, 컴퓨터, 영상, 음향 및 통신장비 제조업",72,-0.049336260636336934,0.6806647664200605
종합 건설업,366,-0.018408091410956264,0.7255938880973516
창고 및 운송관련 서비스업,74,-0.13857500413347343,0.2390105040953597
출판업,66,0.08739039713581269,0.4853432109591468
"컴퓨터 프로그래밍, 시스템 통합 및 관리업",32,-0.282258064516129,0.11753954001523755
"펄프, 종이 및 종이제품 제조업",36,0.2522522522522523,0.1377503365286877
"폐기물 수집, 운반, 처리 및 원료 재생업",85,0.09736363815887339,0.3753664142771404
협회 및 단체,61,-0.17419354838709675,0.17938854017453734
화학물질 및 화학제품 제조업; 의약품 제외,124,-0.05776941330496686,0.5239226531429197
