지역,분기,YoY,성장중,T0분기,k
경북,2023Q1,-11.9,False,,
경북,2023Q2,-11.4,False,,
경북,2023Q3,-0.1,False,,
경북,2023Q4,2.7,False,,
경북,2024Q1,-0.6,False,,
경북,2024Q2,5.9,False,,
경북,2024Q3,-3.1,False,,
경북,2024Q4,-4.2,False,,
경북,2025Q1,-6.7,False,,
경북,2025Q2,-5.9,False,,
경북,2025Q3,1.8,True,2025Q3,0.0
경북,2025Q4,6.2,True,2025Q3,1.0
대구,2023Q1,-6.6,False,,
대구,2023Q2,-3.2,False,,
대구,2023Q3,-5.0,False,,
대구,2023Q4,16.7,True,2023Q4,0.0
대구,2024Q1,3.6,True,2023Q4,1.0
대구,2024Q2,6.0,True,2023Q4,2.0
대구,2024Q3,7.3,True,2023Q4,3.0
대구,2024Q4,-9.7,True,2023Q4,4.0
대구,2025Q1,-1.3,False,,
대구,2025Q2,3.5,True,2025Q2,0.0
대구,2025Q3,9.1,True,2025Q2,1.0
대구,2025Q4,-4.2,True,2025Q2,2.0
