유형,집단,상품,보유율,lift
세그먼트,수출형,할인어음,0.0526,3.241
세그먼트,수출형,무역금융,0.1579,14.228
세그먼트,수출형,순수운전자금,0.8553,1.059
세그먼트,수출형,시설자금,0.4836,1.633
세그먼트,수출형,저축성예금,0.1974,2.352
세그먼트,수출형,투자상품,0.602,2.58
세그먼트,수출형,퇴직연금,0.5395,2.695
세그먼트,수출형,당좌대출,0.0066,1.43
세그먼트,수출형,외상매출채권담보,0.0164,1.929
세그먼트,수출형,신용카드,0.8914,1.318
세그먼트,수입형,할인어음,0.0544,3.351
세그먼트,수입형,무역금융,0.017,1.532
세그먼트,수입형,순수운전자금,0.898,1.112
세그먼트,수입형,시설자금,0.4116,1.39
세그먼트,수입형,저축성예금,0.1667,1.986
세그먼트,수입형,투자상품,0.4558,1.953
세그먼트,수입형,퇴직연금,0.3878,1.937
세그먼트,수입형,당좌대출,0.0068,1.478
세그먼트,수입형,외상매출채권담보,0.017,1.995
세그먼트,수입형,신용카드,0.8776,1.297
세그먼트,비노출,할인어음,0.013,0.798
세그먼트,비노출,무역금융,0.0043,0.385
세그먼트,비노출,순수운전자금,0.8016,0.993
세그먼트,비노출,시설자금,0.2827,0.955
세그먼트,비노출,저축성예금,0.0752,0.897
세그먼트,비노출,투자상품,0.2072,0.888
세그먼트,비노출,퇴직연금,0.1769,0.884
세그먼트,비노출,당좌대출,0.0044,0.96
세그먼트,비노출,외상매출채권담보,0.0078,0.915
세그먼트,비노출,신용카드,0.6582,0.973
업종,제조업,할인어음,0.0342,2.107
업종,제조업,무역금융,0.0309,2.786
업종,제조업,순수운전자금,0.8792,1.089
업종,제조업,시설자금,0.3796,1.282
업종,제조업,저축성예금,0.1026,1.223
업종,제조업,투자상품,0.3454,1.48
업종,제조업,퇴직연금,0.3087,1.542
업종,제조업,당좌대출,0.0041,0.896
업종,제조업,외상매출채권담보,0.0181,2.127
업종,제조업,신용카드,0.7333,1.084
업종,도매 및 소매업,할인어음,0.0164,1.012
업종,도매 및 소매업,무역금융,0.005,0.451
업종,도매 및 소매업,순수운전자금,0.8714,1.079
업종,도매 및 소매업,시설자금,0.1729,0.584
업종,도매 및 소매업,저축성예금,0.0964,1.149
업종,도매 및 소매업,투자상품,0.2007,0.86
업종,도매 및 소매업,퇴직연금,0.1729,0.864
업종,도매 및 소매업,당좌대출,0.0071,1.552
업종,도매 및 소매업,외상매출채권담보,0.0114,1.34
업종,도매 및 소매업,신용카드,0.675,0.998
업종,건설업,할인어음,0.0081,0.497
업종,건설업,무역금융,0.0,0.0
업종,건설업,순수운전자금,0.7779,0.963
업종,건설업,시설자금,0.1583,0.535
업종,건설업,저축성예금,0.08,0.953
업종,건설업,투자상품,0.2011,0.862
업종,건설업,퇴직연금,0.1543,0.771
업종,건설업,당좌대출,0.0073,1.58
업종,건설업,외상매출채권담보,0.0008,0.095
업종,건설업,신용카드,0.7698,1.138
업종,부동산업,할인어음,0.0,0.0
업종,부동산업,무역금융,0.0,0.0
업종,부동산업,순수운전자금,0.416,0.515
업종,부동산업,시설자금,0.7637,2.579
업종,부동산업,저축성예금,0.0715,0.853
업종,부동산업,투자상품,0.0666,0.285
업종,부동산업,퇴직연금,0.0216,0.108
업종,부동산업,당좌대출,0.0017,0.362
업종,부동산업,외상매출채권담보,0.0,0.0
업종,부동산업,신용카드,0.3727,0.551
업종,"사업시설 관리, 사업 지원 및 임대 서비스업",할인어음,0.0,0.0
업종,"사업시설 관리, 사업 지원 및 임대 서비스업",무역금융,0.0,0.0
업종,"사업시설 관리, 사업 지원 및 임대 서비스업",순수운전자금,0.917,1.135
업종,"사업시설 관리, 사업 지원 및 임대 서비스업",시설자금,0.0981,0.331
업종,"사업시설 관리, 사업 지원 및 임대 서비스업",저축성예금,0.0302,0.36
업종,"사업시설 관리, 사업 지원 및 임대 서비스업",투자상품,0.1698,0.728
업종,"사업시설 관리, 사업 지원 및 임대 서비스업",퇴직연금,0.1509,0.754
업종,"사업시설 관리, 사업 지원 및 임대 서비스업",당좌대출,0.0,0.0
업종,"사업시설 관리, 사업 지원 및 임대 서비스업",외상매출채권담보,0.0,0.0
업종,"사업시설 관리, 사업 지원 및 임대 서비스업",신용카드,0.6604,0.976
업종,"전문, 과학 및 기술 서비스업",할인어음,0.0,0.0
업종,"전문, 과학 및 기술 서비스업",무역금융,0.0,0.0
업종,"전문, 과학 및 기술 서비스업",순수운전자금,0.8538,1.057
업종,"전문, 과학 및 기술 서비스업",시설자금,0.1808,0.61
업종,"전문, 과학 및 기술 서비스업",저축성예금,0.0346,0.413
업종,"전문, 과학 및 기술 서비스업",투자상품,0.2038,0.874
업종,"전문, 과학 및 기술 서비스업",퇴직연금,0.1923,0.961
업종,"전문, 과학 및 기술 서비스업",당좌대출,0.0038,0.836
업종,"전문, 과학 및 기술 서비스업",외상매출채권담보,0.0,0.0
업종,"전문, 과학 및 기술 서비스업",신용카드,0.65,0.961
