묶음,변수,단위,0 비율(표본 내),t−1→t+6 바뀐 비율,표본 법인,노출 법인,h=6 가능 행,제외 후보(<5%)
A,총수신,ln(+1),0.06062170930767763,0.9346238878403882,10764,1028,185450,False
A,요구불비중,수준(%p),0.01817703789571806,0.31693567843335707,10764,1028,169943,False
A,수익증권잔액,ln(+1),0.3085665818490246,0.4043792219892849,200,47,4293,False
A,신탁잔액,ln(+1),0.11556111806424697,0.6787244169443122,2450,535,50424,False
A,퇴직연금잔액,ln(+1),0.11367009737558922,0.6856674231019839,2148,474,44507,False
B,여신한도금액,ln(+1),0.0799993439988192,0.15163462190190008,4258,601,88522,False
B,한도소진율,수준(%p),0.20370783011720664,0.6210903819960764,4258,601,80027,False
B,여신_시설자금대출잔액,ln(+1),0.07908953637939713,0.2934650143234731,3352,491,63183,False
B,운전_할인어음잔액,ln(+1),0.5277221690312472,0.5763699037204326,373,110,8413,False
B,운전_당좌대출잔액,ln(+1),0.4491404011461318,0.5007105637138797,85,17,2111,False
B,운전_일반자금대출잔액,ln(+1),0.08154281750480985,0.5216708974727707,9093,934,159938,False
B,운전_무역금융잔액,ln(+1),0.2118570183086312,0.3890634820867379,163,116,3182,False
B,운전_주택자금대출잔액,ln(+1),0.19393939393939394,0.8446601941747572,9,0,103,False
B,운전_기업구매자금대출잔액,ln(+1),0.1392156862745098,0.5865481720864472,204,68,4951,False
B,운전_외상매출채권담보대출잔액,ln(+1),0.44355518112889636,0.6694661067786443,169,24,3334,False
B,운전_기타운전자금대출잔액,ln(+1),0.27128315854410856,0.4114099158919876,968,194,18072,False
C,신용카드사용금액,ln(+1),0.13434270266687498,0.9072682037704721,7808,943,150326,False
C,체크카드사용금액,ln(+1),0.36620807554542495,0.7173130275662594,947,90,16941,False
C,자동이체금액,ln(+1),0.02576069177629514,0.9305940493986095,10885,1033,187981,False
C,창구거래금액,ln(+1),0.6104700505527061,0.4876459588002297,6880,895,135826,False
C,인터넷뱅킹거래금액,ln(+1),0.20446066700508433,0.8432165524826433,9584,1017,174572,False
C,스마트뱅킹거래금액,ln(+1),0.5030942557918121,0.5863559145232915,7013,764,134212,False
