계정,충격,h,N,법인,월,자유도,SE,배수,MDE_β,MDE_환산,단위,환산_기준
요구불,주_a',6,8045,809,16,15,0.0204307566597461,2.9976945187547273,0.061245167252932525,0.6432047654108652,%,외환 실적 10% 감소 시 |변화|
요구불,강건_b,6,4547,518,16,15,0.0806334117998364,2.9976945187547273,0.2417143365808623,27.34303683799375,%,급감(=1) 시 |변화|
운전자금,주_a',6,7754,784,16,15,0.0239828366560112,2.9976945187547273,0.07189321798791473,0.7546090727738042,%,외환 실적 10% 감소 시 |변화|
운전자금,강건_b,6,4343,501,16,15,0.0961626390851964,2.9976945187547273,0.28826621609468234,33.41124190506994,%,급감(=1) 시 |변화|
거치식,주_a',6,1354,140,16,15,0.0718703554020794,2.9976945187547273,0.2154453704497676,2.2443741500598025,%,외환 실적 10% 감소 시 |변화|
거치식,강건_b,6,803,88,16,15,0.3826780866135005,2.9976945187547273,1.1471520026888373,214.92111808156454,%,급감(=1) 시 |변화|
적립식,주_a',6,1288,119,16,15,0.0677522092182377,2.9976945187547273,0.20310042620703467,2.1171436458807813,%,외환 실적 10% 감소 시 |변화|
적립식,강건_b,6,794,87,16,15,0.17877022646341,2.9976945187547273,0.5358985279859054,70.8983121747186,%,급감(=1) 시 |변화|
거치식_HOLD,주_a',6,1354,140,16,15,0.0097943369570253,2.9976945187547273,0.029360430210911597,0.30934300669572673,%p,외환 실적 10% 감소 시 |변화|
거치식_HOLD,강건_b,6,803,88,16,15,0.0525327365696374,2.9976945187547273,0.15747709646998806,15.747709646998805,%p,급감(=1) 시 |변화|
적립식_HOLD,주_a',6,1288,119,16,15,0.0197291252023186,2.9976945187547273,0.05914189047881622,0.6231220077826763,%p,외환 실적 10% 감소 시 |변화|
적립식_HOLD,강건_b,6,794,87,16,15,0.0391296322032226,2.9976945187547273,0.11729868397648886,11.729868397648886,%p,급감(=1) 시 |변화|
