계정,충격,모형,h,β,SE,p,CI_lo,CI_hi,N,법인,월,p_holm_계정내h1_12
요구불,주_a',요구불_주_a',-6,-0.024648424502611805,0.014583368720102635,0.10578637545138606,-0.05497619999570583,0.005679350990482213,11654,888,22,
요구불,주_a',요구불_주_a',-5,-0.021935377965336438,0.015046673252203558,0.15968306500652654,-0.05322664797771262,0.009355892047039741,11671,890,22,
요구불,주_a',요구불_주_a',-4,-0.012263423727260093,0.013243871734028292,0.36498157264058917,-0.03980556274314291,0.015278715288622723,11683,887,22,
요구불,주_a',요구불_주_a',-3,-0.006802687977220116,0.010594963307739751,0.527776467359154,-0.028836120356377472,0.015230744401937241,11715,887,22,
요구불,주_a',요구불_주_a',-2,0.0020318863862414487,0.0041655141573317825,0.6307541050959758,-0.00663077452575488,0.010694547298237777,12242,896,22,
요구불,주_a',요구불_주_a',0,0.011096328030506216,0.003882456453743647,0.009416114465113198,0.003022317837748598,0.019170338223263833,12242,896,22,
요구불,주_a',요구불_주_a',1,0.019253782847707127,0.009221518014544993,0.04980529973706403,1.8033341062591995e-05,0.038489532354351666,11060,875,21,0.5478582971077044
요구불,주_a',요구불_주_a',2,0.03179760523733139,0.013809959652976765,0.032783316905910936,0.0028930274932428,0.06070218298141998,10437,864,20,0.39339980287093124
요구불,주_a',요구불_주_a',3,0.0316972924939349,0.0213167921802019,0.15433190718706538,-0.013087626024689082,0.07648221101255889,9857,853,19,1.0
요구불,주_a',요구불_주_a',4,0.015979205710478034,0.015927955348553794,0.3298227426600792,-0.01762584260693424,0.04958425402789031,9240,839,18,1.0
요구불,주_a',요구불_주_a',5,-0.011442783012564958,0.020907383400002078,0.5917200553666886,-0.05576445587507986,0.03287888984994994,8645,825,17,1.0
요구불,주_a',요구불_주_a',6,-0.01255639799275079,0.02043075665974619,0.548039964742925,-0.05610352499060916,0.030990729005107583,8045,809,16,1.0
요구불,주_a',요구불_주_a',7,-0.004021657569651032,0.020780873303024364,0.8493260502809066,-0.048592197993284174,0.04054888285398211,7482,796,15,1.0
요구불,주_a',요구불_주_a',8,0.0035621312183627333,0.02537813563771929,0.8905253042154052,-0.051263997572827374,0.05838826000955284,6948,782,14,1.0
요구불,주_a',요구불_주_a',9,0.002316565345170272,0.024466361307543077,0.9261287505491882,-0.05099105656697845,0.055624187257319,6413,766,13,1.0
요구불,주_a',요구불_주_a',10,-0.00214582882542825,0.02541540542291642,0.9342313771865026,-0.05808475899897985,0.05379310134812335,5901,756,12,1.0
요구불,주_a',요구불_주_a',11,-0.010258766708029231,0.02342131857727829,0.6706890898062082,-0.06244471659481088,0.04192718317875242,5388,751,11,1.0
요구불,주_a',요구불_주_a',12,-0.01322392166505831,0.02666810497799345,0.6318690244508277,-0.07355136635928067,0.04710352302916404,4842,739,10,1.0
요구불,강건_b,요구불_강건_b,-6,0.0472915402649512,0.07215958036744433,0.5193423885684098,-0.1027725220969257,0.19735560262682808,6805,626,22,
요구불,강건_b,요구불_강건_b,-5,0.01238761365227885,0.07154824834646038,0.8642020761751368,-0.13640511417503445,0.16118034147959218,6805,626,22,
요구불,강건_b,요구불_강건_b,-4,0.007241696229676264,0.055166167927737556,0.8968107324971735,-0.10748263035341883,0.12196602281277137,6805,626,22,
요구불,강건_b,요구불_강건_b,-3,-0.04646689575207508,0.04687806351038644,0.33285843562879236,-0.14395516564229816,0.051021374138148,6805,626,22,
요구불,강건_b,요구불_강건_b,-2,0.010985993291585557,0.02943728663708809,0.7127403249131551,-0.05023219555011996,0.07220418213329106,6805,626,22,
요구불,강건_b,요구불_강건_b,0,-0.032022933260836155,0.02425680996840332,0.20099042249033355,-0.08246773110005609,0.018421864578383775,6805,626,22,
요구불,강건_b,요구불_강건_b,1,-0.04506020491802993,0.04046478154674198,0.2786701524523323,-0.12946826012613194,0.039347850290072074,6257,594,21,1.0
요구불,강건_b,요구불_강건_b,2,-0.028645422075925235,0.06447781617258895,0.6618677423317055,-0.163599042300871,0.10630819814902051,5908,590,20,1.0
요구불,강건_b,요구불_강건_b,3,-0.012426402851168049,0.06685646974840781,0.8546276831659426,-0.15288663367830624,0.12803382797597013,5572,577,19,1.0
요구불,강건_b,요구불_강건_b,4,0.022534015395208006,0.07043168933655578,0.7529113626720817,-0.126063859940174,0.17113189073059,5228,557,18,1.0
요구불,강건_b,요구불_강건_b,5,0.008115034636704606,0.07546339715490304,0.9157006532263209,-0.1518602208892125,0.1680902901626217,4889,541,17,1.0
요구불,강건_b,요구불_강건_b,6,-0.05415807475080951,0.08063341179983648,0.5120138895278167,-0.22602412368850522,0.11770797418688618,4547,518,16,1.0
요구불,강건_b,요구불_강건_b,7,-0.06463570250174439,0.08680988335136607,0.4688488203598866,-0.2508243846934517,0.12155297968996295,4230,498,15,1.0
요구불,강건_b,요구불_강건_b,8,-0.08826197023032305,0.10391256467087265,0.41103551102951963,-0.3127514179579391,0.13622747749729303,3921,476,14,1.0
요구불,강건_b,요구불_강건_b,9,0.006807500266884196,0.0930889760676515,0.9429083058553082,-0.19601595508990047,0.20963095562366887,3621,460,13,1.0
요구불,강건_b,요구불_강건_b,10,0.13037307410692936,0.06283497982236023,0.06224961783605061,-0.00792578401674307,0.2686719322306018,3326,447,12,0.7469954140326074
요구불,강건_b,요구불_강건_b,11,0.07258171772099377,0.09677973935840566,0.4705503655339007,-0.14305697962857505,0.2882204150705626,3034,437,11,1.0
요구불,강건_b,요구불_강건_b,12,0.1044396077945805,0.10928252151203487,0.3641956673294602,-0.14277463101251808,0.3516538466016791,2736,416,10,1.0
운전자금,주_a',운전자금_주_a',-6,-0.010590800673521177,0.018448013602529918,0.5720061203994855,-0.048955545169066944,0.027773943822024593,11220,857,22,
운전자금,주_a',운전자금_주_a',-5,-0.007671954807926182,0.015067488575005275,0.6159397669763543,-0.039006512653783285,0.023662603037930923,11233,858,22,
운전자금,주_a',운전자금_주_a',-4,-0.006456463253567756,0.01195774033657295,0.5949184272191076,-0.03132394560916349,0.018411019102027974,11249,855,22,
운전자금,주_a',운전자금_주_a',-3,-0.00785194361306758,0.008322715849633684,0.3561867134768941,-0.02515997871970028,0.009456091493565123,11285,856,22,
운전자금,주_a',운전자금_주_a',-2,-0.00055533430073051,0.00411726948166642,0.8939917571412186,-0.009117664917278754,0.008006996315817735,11795,864,22,
운전자금,주_a',운전자금_주_a',0,-0.002118997249491558,0.002382808858483632,0.38392374514171823,-0.007074319540933877,0.002836325041950761,11795,864,22,
운전자금,주_a',운전자금_주_a',1,-0.0030576596448510965,0.007713957620958488,0.6960219777966571,-0.019148693275928445,0.01303337398622625,10658,844,21,1.0
운전자금,주_a',운전자금_주_a',2,-0.007056743764091894,0.013096932779991263,0.5962760511830218,-0.03446893911158229,0.0203554515833985,10058,834,20,1.0
운전자금,주_a',운전자금_주_a',3,0.006079823739247301,0.01634563487621591,0.7142698293022227,-0.028261080833927303,0.040420728312421904,9502,825,19,1.0
운전자금,주_a',운전자금_주_a',4,0.01148315101515198,0.020510111075809457,0.5828658248781068,-0.031789400835682435,0.0547557028659864,8907,812,18,1.0
운전자금,주_a',운전자금_주_a',5,0.026775428487029688,0.021627549903842556,0.23356617003581573,-0.019072929163298284,0.07262378613735766,8334,798,17,1.0
운전자금,주_a',운전자금_주_a',6,0.02588963366993351,0.02398283665601124,0.2974147234205253,-0.025228572621755974,0.077007839961623,7754,784,16,1.0
운전자금,주_a',운전자금_주_a',7,0.029347014299026995,0.025436515844937682,0.26792518218207856,-0.025208886272205633,0.08390291487025962,7208,772,15,1.0
운전자금,주_a',운전자금_주_a',8,0.03483853791172959,0.024988882163963413,0.18664053601644623,-0.019146659875339055,0.08882373569879823,6693,758,14,1.0
운전자금,주_a',운전자금_주_a',9,0.032921200596606665,0.023986910937311978,0.19502686712607115,-0.01934178869769384,0.08518418989090717,6179,742,13,1.0
운전자금,주_a',운전자금_주_a',10,0.031966888889842636,0.019575892705497,0.13074400498748812,-0.011119360450502422,0.0750531382301877,5682,733,12,1.0
운전자금,주_a',운전자금_주_a',11,0.019348528985161477,0.021398045740904325,0.38714388598195976,-0.028329288086726877,0.06702634605704982,5188,727,11,1.0
운전자금,주_a',운전자금_주_a',12,0.032189621938731136,0.025271165376748075,0.23465532444929857,-0.02497772583053752,0.08935696970799979,4662,715,10,1.0
운전자금,강건_b,운전자금_강건_b,-6,0.05213031131295442,0.054846168501831195,0.3526790546722456,-0.06192854003372091,0.16618916265962974,6503,600,22,
운전자금,강건_b,운전자금_강건_b,-5,0.0266738261332475,0.05309484420248596,0.6206271409374625,-0.08374294695390147,0.1370905992203965,6503,600,22,
운전자금,강건_b,운전자금_강건_b,-4,0.021713363967056965,0.04487912981476477,0.6335213970474078,-0.07161789573505864,0.11504462366917256,6503,600,22,
운전자금,강건_b,운전자금_강건_b,-3,0.05174957926865331,0.032334845011888484,0.124441097541752,-0.015494412085193726,0.11899357062250035,6503,600,22,
운전자금,강건_b,운전자금_강건_b,-2,0.02676023786495069,0.014703681977059416,0.08304892008968717,-0.00381774274301493,0.057338218472916314,6503,600,22,
운전자금,강건_b,운전자금_강건_b,0,0.008345381631428325,0.016403864360336782,0.6162345846985744,-0.02576832179936301,0.04245908506221966,6503,600,22,
운전자금,강건_b,운전자금_강건_b,1,-0.02292398235505971,0.03802344282159223,0.5533570957235986,-0.10223949422010468,0.05639152950998526,5977,568,21,1.0
운전자금,강건_b,운전자금_강건_b,2,-0.02000592479579671,0.054482303621901394,0.7175276090005824,-0.13403869681601324,0.09402684722441983,5646,566,20,1.0
운전자금,강건_b,운전자금_강건_b,3,-0.028957458825265774,0.05835625857332933,0.625745136277039,-0.1515594086479784,0.09364449099744686,5326,556,19,1.0
운전자금,강건_b,운전자금_강건_b,4,-0.029273590107812116,0.07257885677926026,0.6917294687012171,-0.18240159276202855,0.12385441254640434,4998,538,18,1.0
운전자금,강건_b,운전자금_강건_b,5,-0.02295265724794743,0.08386351154756298,0.787824033958206,-0.20073535978892906,0.1548300452930342,4672,522,17,1.0
운전자금,강건_b,운전자금_강건_b,6,0.016275006240917867,0.09616263908519647,0.8678655139210691,-0.18869080713705283,0.22124081961888858,4343,501,16,1.0
운전자금,강건_b,운전자금_강건_b,7,-0.012066451643431623,0.10718705555875273,0.9119667092918604,-0.2419598215229505,0.21782691823608727,4037,481,15,1.0
운전자금,강건_b,운전자금_강건_b,8,-0.09831455597245098,0.1037867127176883,0.3607754113688816,-0.3225321170850529,0.125903005140151,3740,459,14,1.0
운전자금,강건_b,운전자금_강건_b,9,-0.21248635162788668,0.09349635010242577,0.0422338648036912,-0.4161973987581108,-0.008775304497662534,3453,443,13,0.422338648036912
운전자금,강건_b,운전자금_강건_b,10,-0.26610405525344427,0.0961803417567585,0.01833422574341631,-0.47779556015261193,-0.05441255035427661,3169,430,12,0.22001070892099572
운전자금,강건_b,운전자금_강건_b,11,-0.23973569586026006,0.09598756276019124,0.03157801416559799,-0.45360931375371305,-0.02586207796680709,2888,418,11,0.34735815582157786
운전자금,강건_b,운전자금_강건_b,12,-0.12595919774433897,0.08487084896097201,0.17192988336683934,-0.31795039663416635,0.06603200114548843,2604,398,10,1.0
거치식,주_a',거치식_주_a',-6,-0.07393219390648872,0.07581391423089845,0.3405715171946818,-0.23159585956406198,0.08373147175108453,1936,155,22,
거치식,주_a',거치식_주_a',-5,-0.08965087486040603,0.046001442128497445,0.06479559200267435,-0.18531611078826846,0.006014361067456397,1938,155,22,
거치식,주_a',거치식_주_a',-4,-0.0486902859085918,0.030391540764381227,0.12406977128434944,-0.11189295484480465,0.014512383027621048,1949,154,22,
거치식,주_a',거치식_주_a',-3,-0.023241454839142483,0.025944024505835238,0.3804974574628308,-0.07719500738943164,0.030712097711146674,1957,154,22,
거치식,주_a',거치식_주_a',-2,-0.002554713645136757,0.012831282493220101,0.8440993039392334,-0.029238826363649176,0.024129399073375662,2050,157,22,
거치식,주_a',거치식_주_a',0,-0.010850733892810369,0.016711356314591922,0.5231814042441769,-0.045603901848813064,0.023902434063192327,2050,157,22,
거치식,주_a',거치식_주_a',1,0.006733759946664908,0.03371890233067148,0.8437294821904672,-0.06360263779704353,0.07707015769037334,1837,150,21,1.0
거치식,주_a',거치식_주_a',2,-0.0003996341983184929,0.04589777708099553,0.99314364166963,-0.09646478567271251,0.09566551727607552,1739,148,20,1.0
거치식,주_a',거치식_주_a',3,0.00468387513335896,0.05810169659400541,0.9366376131686065,-0.11738325981638467,0.12675101008310258,1647,147,19,1.0
거치식,주_a',거치식_주_a',4,0.001039578823000982,0.07225262898097298,0.988687855333983,-0.1514001433404667,0.15347930098646867,1544,142,18,1.0
거치식,주_a',거치식_주_a',5,0.010776235631004893,0.062341735398561644,0.8649312135596845,-0.12138233960305521,0.142934810865065,1448,141,17,1.0
거치식,주_a',거치식_주_a',6,0.012687348655616649,0.07187035540207942,0.8622381378420759,-0.14050068770536508,0.1658753850165984,1354,140,16,1.0
거치식,주_a',거치식_주_a',7,-0.0438020195386166,0.07294776935573746,0.5577973625391814,-0.20025942416610062,0.11265538508886744,1264,138,15,1.0
거치식,주_a',거치식_주_a',8,-0.07899046714920904,0.07878486786114107,0.3343470073133081,-0.24919482627998094,0.09121389198156285,1179,137,14,1.0
거치식,주_a',거치식_주_a',9,-0.09715370781848114,0.07323801146281832,0.20935053724100144,-0.2567256268129852,0.06241821117602296,1091,134,13,1.0
거치식,주_a',거치식_주_a',10,-0.09182182665374265,0.06718514350623196,0.19900323054072636,-0.23969533048958636,0.05605167718210104,998,133,12,1.0
거치식,주_a',거치식_주_a',11,-0.05169419817644861,0.07838606416989115,0.5244823790887141,-0.2263492332076723,0.1229608368547751,918,132,11,1.0
거치식,주_a',거치식_주_a',12,-0.006164627458393495,0.1188265625269267,0.9597581721456939,-0.27496898700936945,0.2626397320925825,840,132,10,1.0
거치식,강건_b,거치식_강건_b,-6,0.34620820242106487,0.1808035370018725,0.06923538000434931,-0.029793336303762463,0.7222097411458922,1199,112,22,
거치식,강건_b,거치식_강건_b,-5,0.4642913414786627,0.1905625783199817,0.02382244360796677,0.06799476531742604,0.8605879176398994,1199,112,22,
거치식,강건_b,거치식_강건_b,-4,0.4832933351518193,0.187145345355486,0.017370254597867455,0.0941032839742077,0.872483386329431,1199,112,22,
거치식,강건_b,거치식_강건_b,-3,0.21700281815967062,0.09891842999050639,0.039645939359329974,0.011290681652687845,0.42271495466665343,1199,112,22,
거치식,강건_b,거치식_강건_b,-2,0.01621665272364709,0.03130564074554958,0.6098656519767786,-0.04888699118886878,0.08132029663616297,1199,112,22,
거치식,강건_b,거치식_강건_b,0,0.22770624684643004,0.08909650513119023,0.018412776885369606,0.0424199212587561,0.412992572434104,1199,112,22,
거치식,강건_b,거치식_강건_b,1,0.5216563459934097,0.20199998643041356,0.017788565803542947,0.10029175795136658,0.9430209340354528,1095,103,21,0.21346278964251536
거치식,강건_b,거치식_강건_b,2,0.5279955289222898,0.25062362715947323,0.048661353050555835,0.0034342486744528555,1.052556809170127,1037,103,20,0.5352748835561142
거치식,강건_b,거치식_강건_b,3,0.32931531800887553,0.3168371127753511,0.3123874446981485,-0.336334755387195,0.9949653914049461,979,102,19,1.0
거치식,강건_b,거치식_강건_b,4,0.288975965696645,0.38373817183386666,0.4617189761429318,-0.5206408070477246,1.0985927384410146,922,97,18,1.0
거치식,강건_b,거치식_강건_b,5,0.13469360944312206,0.3584138535920434,0.711998093850113,-0.6251098181009617,0.8944970369872057,861,93,17,1.0
거치식,강건_b,거치식_강건_b,6,0.08372859206670358,0.3826780866135005,0.8297577610551838,-0.7319304417413265,0.8993876258747336,803,88,16,1.0
거치식,강건_b,거치식_강건_b,7,0.2279496026656739,0.3258185812530687,0.49562505809927715,-0.47086175308217315,0.9267609584135209,753,88,15,1.0
거치식,강건_b,거치식_강건_b,8,0.2699985810815099,0.3632952693538301,0.4705831394507405,-0.514853131871712,1.0548502940347317,700,85,14,1.0
거치식,강건_b,거치식_강건_b,9,0.2727552844224263,0.3610131883311864,0.4645050522456244,-0.5138248819926341,1.0593354508374866,648,85,13,1.0
거치식,강건_b,거치식_강건_b,10,0.3918971311217669,0.19525811813908145,0.06995088026125809,-0.037863089289771446,0.8216573515333052,593,82,12,0.6995088026125809
거치식,강건_b,거치식_강건_b,11,0.1402629874541316,0.1435929350151554,0.3517014577673693,-0.17968200992387648,0.46020798483213965,540,80,11,1.0
거치식,강건_b,거치식_강건_b,12,0.12110138376299488,0.29297658468844506,0.6890264160020898,-0.5416576958221261,0.7838604633481158,491,78,10,1.0
적립식,주_a',적립식_주_a',-6,0.04496821200575267,0.041542219716358714,0.2913171545992977,-0.04142356325710608,0.13135998726861142,1825,125,22,
적립식,주_a',적립식_주_a',-5,0.04188952359644373,0.03604604121444529,0.2582279206927594,-0.03307232276074123,0.11685136995362869,1824,126,22,
적립식,주_a',적립식_주_a',-4,0.030794076010465448,0.030214309146890175,0.3197123085106496,-0.032040019600289515,0.09362817162122042,1825,126,22,
적립식,주_a',적립식_주_a',-3,0.008517740055582416,0.019406388491794067,0.6652064207156253,-0.03184005412811644,0.048875534239281274,1825,126,22,
적립식,주_a',적립식_주_a',-2,0.012063420367525637,0.009941997579495985,0.23845646146363828,-0.008612095443043293,0.03273893617809456,1900,126,22,
적립식,주_a',적립식_주_a',0,-0.01528052276262346,0.011293296487250396,0.1904242074156329,-0.038766218490123856,0.008205172964876934,1900,126,22,
적립식,주_a',적립식_주_a',1,-0.024401416286873385,0.026223002861839793,0.36319110628380324,-0.07910164173421932,0.03029880916047255,1726,123,21,1.0
적립식,주_a',적립식_주_a',2,-0.04824613598034319,0.03466417167355441,0.18005854578349065,-0.12079908111923168,0.0243068091585453,1639,122,20,1.0
적립식,주_a',적립식_주_a',3,-0.06080360384776916,0.04978687414407994,0.2377364488493286,-0.16540194505177336,0.043794737356235056,1551,120,19,1.0
적립식,주_a',적립식_주_a',4,-0.07627543145471892,0.054126881839838964,0.17680695670935934,-0.19047316993995436,0.03792230703051652,1459,120,18,1.0
적립식,주_a',적립식_주_a',5,-0.11090137009761687,0.0572096329396982,0.07041014050679487,-0.23218037413298592,0.010377633937752179,1374,121,17,0.7041014050679486
적립식,주_a',적립식_주_a',6,-0.1453517051912809,0.06775220921823777,0.04870272051041722,-0.2897621207401646,-0.000941289642397175,1288,119,16,0.5357299256145894
적립식,주_a',적립식_주_a',7,-0.16119271287947706,0.06760515977693589,0.031808978131316674,-0.30619135960360533,-0.016194066155348796,1198,119,15,0.3817077375758001
적립식,주_a',적립식_주_a',8,-0.1505381160544591,0.07957917251345285,0.08102107663986371,-0.3224584660597679,0.021382233950849733,1116,117,14,0.7291896897587734
적립식,주_a',적립식_주_a',9,-0.1441909747069271,0.0851205180937842,0.1160454949148257,-0.32965265159758556,0.041270702183731356,1038,114,13,0.9283639593186056
적립식,주_a',적립식_주_a',10,-0.095966485141972,0.07509207655432582,0.22756489816085113,-0.2612430312785084,0.0693100609945644,967,114,12,1.0
적립식,주_a',적립식_주_a',11,-0.048372762417878565,0.07295853245577084,0.5223082169839336,-0.21093450316648316,0.11418897833072601,887,115,11,1.0
적립식,주_a',적립식_주_a',12,-0.029919497247625864,0.06937009717684298,0.6763950934338739,-0.1868455594602287,0.127006564964977,803,114,10,1.0
적립식,강건_b,적립식_강건_b,-6,-0.029711220886742478,0.1616219694209891,0.8559090730357983,-0.36582250610678513,0.30640006433330014,1169,102,22,
적립식,강건_b,적립식_강건_b,-5,0.002267666580670621,0.13017967103355768,0.9862663853056567,-0.2684557796028108,0.27299111276415206,1169,102,22,
적립식,강건_b,적립식_강건_b,-4,0.0007710488810561215,0.10122218067347095,0.9939941613592198,-0.20973199944102064,0.21127409720313287,1169,102,22,
적립식,강건_b,적립식_강건_b,-3,-0.029578952541005066,0.06755944813393121,0.6659861127424995,-0.17007651622249,0.11091861114047988,1169,102,22,
적립식,강건_b,적립식_강건_b,-2,-0.03277799551073959,0.031477703728202,0.3095731610999185,-0.09823946398414457,0.03268347296266539,1169,102,22,
적립식,강건_b,적립식_강건_b,0,0.023516498731683058,0.04150426828955634,0.57698929918003,-0.06279635221857031,0.10982934968193643,1169,102,22,
적립식,강건_b,적립식_강건_b,1,0.019623446335676028,0.09745173656258159,0.8424464461783943,-0.18365731400645144,0.2229042066778035,1081,99,21,1.0
적립식,강건_b,적립식_강건_b,2,0.04854268875778763,0.11061972895366208,0.6657379027891446,-0.18298706483435434,0.2800724423499296,1022,98,20,1.0
적립식,강건_b,적립식_강건_b,3,0.0825613039335744,0.1525943234491223,0.5951057885176602,-0.2380274734163565,0.4031500812835053,967,96,19,1.0
적립식,강건_b,적립식_강건_b,4,0.09508162993561155,0.16947982103553494,0.5821038061421311,-0.26248953661356256,0.4526527964847856,914,95,18,1.0
적립식,강건_b,적립식_강건_b,5,-0.05132834987320011,0.1860266208880881,0.7861419890083606,-0.44568716929008145,0.3430304695436812,855,92,17,1.0
적립식,강건_b,적립식_강건_b,6,-0.11984352643063627,0.17877022646341,0.5128070200831403,-0.5008832443856897,0.26119619152441714,794,87,16,1.0
적립식,강건_b,적립식_강건_b,7,-0.07451949065850347,0.18916107898122989,0.6995549832959426,-0.48022965472961365,0.33119067341260666,741,86,15,1.0
적립식,강건_b,적립식_강건_b,8,-0.053818788004693224,0.15621013262159805,0.735958846588312,-0.3912902623422895,0.28365268633290297,694,80,14,1.0
적립식,강건_b,적립식_강건_b,9,-0.06767132982759236,0.14946982666771372,0.6588107292028901,-0.3933381058193438,0.25799544616415915,646,78,13,1.0
적립식,강건_b,적립식_강건_b,10,-0.08044886000670172,0.1703562651886137,0.6459861915052865,-0.45540047161547625,0.29450275160207284,599,77,12,1.0
적립식,강건_b,적립식_강건_b,11,-0.1443408524113187,0.1812641042596088,0.4443498224508465,-0.5482224455826438,0.2595407407600063,547,76,11,1.0
적립식,강건_b,적립식_강건_b,12,0.040035619035724265,0.22647163676277562,0.8635955422317679,-0.47227881623782186,0.5523500543092704,494,73,10,1.0
거치식_HOLD,주_a',거치식_HOLD_주_a',-6,-0.008615453252374417,0.010850085658774293,0.43605098121348534,-0.031179441604842678,0.013948535100093846,1936,155,22,
거치식_HOLD,주_a',거치식_HOLD_주_a',-5,-0.012434349462543822,0.006876503002372807,0.08491373860369276,-0.026734820309589766,0.001866121384502123,1938,155,22,
거치식_HOLD,주_a',거치식_HOLD_주_a',-4,-0.007573236170544461,0.005520782171634869,0.18461437579711618,-0.019054331208402078,0.0039078588673131555,1949,154,22,
거치식_HOLD,주_a',거치식_HOLD_주_a',-3,-0.004807911560542968,0.004590100499529992,0.306797763664639,-0.014353548108056976,0.00473772498697104,1957,154,22,
거치식_HOLD,주_a',거치식_HOLD_주_a',-2,-0.0009684995250501118,0.002478536145691343,0.6999145458279423,-0.00612289760828781,0.004185898558187586,2050,157,22,
거치식_HOLD,주_a',거치식_HOLD_주_a',0,-0.001173869982297699,0.0030019112175413303,0.6997061731074926,-0.007416686110939975,0.005068946146344577,2050,157,22,
거치식_HOLD,주_a',거치식_HOLD_주_a',1,0.0019424331416431817,0.0054744088954180505,0.7264381060165338,-0.009476983709585962,0.013361849992872326,1837,150,21,1.0
거치식_HOLD,주_a',거치식_HOLD_주_a',2,0.0004268779424264575,0.006741303744129179,0.9501709391900627,-0.013682832952108709,0.014536588836961623,1739,148,20,1.0
거치식_HOLD,주_a',거치식_HOLD_주_a',3,0.0014242668347882461,0.0080265080643449,0.8611400940520023,-0.01543880086376639,0.018287334533342883,1647,147,19,1.0
거치식_HOLD,주_a',거치식_HOLD_주_a',4,0.001572905993832059,0.009709030678238318,0.8732122970419153,-0.018911358176776707,0.022057170164440823,1544,142,18,1.0
거치식_HOLD,주_a',거치식_HOLD_주_a',5,0.0018279268602047576,0.008633958303711338,0.8350037310245235,-0.01647524710108826,0.02013110082149778,1448,141,17,1.0
거치식_HOLD,주_a',거치식_HOLD_주_a',6,0.0017021244761661024,0.009794336957025371,0.8643568038746269,-0.01917401057994494,0.022578259532277146,1354,140,16,1.0
거치식_HOLD,주_a',거치식_HOLD_주_a',7,-0.007454414855937113,0.010005262618562006,0.4685658336197648,-0.02891356892935053,0.014004739217476306,1264,138,15,1.0
거치식_HOLD,주_a',거치식_HOLD_주_a',8,-0.012736955572937494,0.0112423661565295,0.277701560143399,-0.03702461104198188,0.011550699896106895,1179,137,14,1.0
거치식_HOLD,주_a',거치식_HOLD_주_a',9,-0.01523854911121406,0.010096029342792877,0.1570789863607143,-0.03723590737198798,0.006758809149559859,1091,134,13,1.0
거치식_HOLD,주_a',거치식_HOLD_주_a',10,-0.011245305979591117,0.009352608312500007,0.25446346407688775,-0.03183025808355334,0.009339646124371104,998,133,12,1.0
거치식_HOLD,주_a',거치식_HOLD_주_a',11,-0.005297702596212068,0.011363425321328773,0.6510574802712746,-0.03061699204630932,0.020021586853885186,918,132,11,1.0
거치식_HOLD,주_a',거치식_HOLD_주_a',12,0.00030590578097205567,0.015856650736514523,0.9850291283801326,-0.03556433026062371,0.036176141822567814,840,132,10,1.0
거치식_HOLD,강건_b,거치식_HOLD_강건_b,-6,0.04701523339178976,0.026232270743308778,0.08751072366320244,-0.007537760024640031,0.10156822680821954,1199,112,22,
거치식_HOLD,강건_b,거치식_HOLD_강건_b,-5,0.06933809430236967,0.02756578128648979,0.020098974748422906,0.01201191389825032,0.12666427470648903,1199,112,22,
거치식_HOLD,강건_b,거치식_HOLD_강건_b,-4,0.0712633998649472,0.029586918718023776,0.025280528892378366,0.009734034076112431,0.13279276565378198,1199,112,22,
거치식_HOLD,강건_b,거치식_HOLD_강건_b,-3,0.02817235690283151,0.01881816974937459,0.14925190852612888,-0.010962169440403496,0.06730688324606651,1199,112,22,
거치식_HOLD,강건_b,거치식_HOLD_강건_b,-2,0.003579282746917857,0.01083067751734643,0.744314491951108,-0.018944344165936593,0.026102909659772307,1199,112,22,
거치식_HOLD,강건_b,거치식_HOLD_강건_b,0,0.034266986595940255,0.018254856499120623,0.07446135424128864,-0.003696065713148053,0.07223003890502856,1199,112,22,
거치식_HOLD,강건_b,거치식_HOLD_강건_b,1,0.0653926753024513,0.02796297097443981,0.029856275132354667,0.007062939972813549,0.12372241063208905,1095,103,21,0.358275301588256
거치식_HOLD,강건_b,거치식_HOLD_강건_b,2,0.0660681716233341,0.034350428420738,0.06955120845558442,-0.0058281013405013515,0.13796444458716955,1037,103,20,0.7650632930114286
거치식_HOLD,강건_b,거치식_HOLD_강건_b,3,0.04244697437327215,0.039473100711034444,0.2964262441203575,-0.04048293290719432,0.12537688165373861,979,102,19,1.0
거치식_HOLD,강건_b,거치식_HOLD_강건_b,4,0.03531551193697045,0.04867986645717333,0.47803587559655175,-0.06739002864121933,0.13802105251516023,922,97,18,1.0
거치식_HOLD,강건_b,거치식_HOLD_강건_b,5,0.02723844674685372,0.04850076990555832,0.582164720340354,-0.07557859239225012,0.13005548588595756,861,93,17,1.0
거치식_HOLD,강건_b,거치식_HOLD_강건_b,6,0.014580055297508094,0.05253273656963741,0.7851524099154212,-0.09739082219085696,0.12655093278587315,803,88,16,1.0
거치식_HOLD,강건_b,거치식_HOLD_강건_b,7,0.032318415147647786,0.0426449736991995,0.4611088557255739,-0.05914595674900017,0.12378278704429574,753,88,15,1.0
거치식_HOLD,강건_b,거치식_HOLD_강건_b,8,0.026643237235816672,0.04879197741300857,0.5942737623810933,-0.07876542145408752,0.13205189592572086,700,85,14,1.0
거치식_HOLD,강건_b,거치식_HOLD_강건_b,9,0.022467235892820465,0.04967033436917385,0.6591015057018302,-0.0857551258845966,0.13068959767023752,648,85,13,1.0
거치식_HOLD,강건_b,거치식_HOLD_강건_b,10,0.04708150317294392,0.026944918853699096,0.10840168796389774,-0.0122238633639212,0.10638686970980904,593,82,12,1.0
거치식_HOLD,강건_b,거치식_HOLD_강건_b,11,0.013507463235696784,0.026870252226476442,0.62606594898895,-0.046363189712786065,0.07337811618417964,540,80,11,1.0
거치식_HOLD,강건_b,거치식_HOLD_강건_b,12,0.005860029010384519,0.044662797035197245,0.8984984485508984,-0.09517423721338936,0.10689429523415839,491,78,10,1.0
적립식_HOLD,주_a',적립식_HOLD_주_a',-6,0.004592662754379926,0.012690011560274009,0.7210343214656836,-0.021797660976120202,0.030982986484880057,1825,125,22,
적립식_HOLD,주_a',적립식_HOLD_주_a',-5,0.0050821536405333545,0.010993018592577692,0.6486150154332755,-0.017779080019940004,0.027943387301006713,1824,126,22,
적립식_HOLD,주_a',적립식_HOLD_주_a',-4,0.0008728808160952736,0.00874730872789488,0.9214587378368386,-0.017318143518542186,0.019063905150732734,1825,126,22,
적립식_HOLD,주_a',적립식_HOLD_주_a',-3,1.8850248066625728e-06,0.006581924065693492,0.9997741937108305,-0.01368597538715582,0.013689745436769145,1825,126,22,
적립식_HOLD,주_a',적립식_HOLD_주_a',-2,0.001532242407893695,0.0034343879485101217,0.6600571971887195,-0.005609958317993847,0.008674443133781237,1900,126,22,
적립식_HOLD,주_a',적립식_HOLD_주_a',0,-0.004965085548695811,0.004170671133799789,0.24714315401231504,-0.013638470980351942,0.0037082998829603185,1900,126,22,
적립식_HOLD,주_a',적립식_HOLD_주_a',1,-0.00970410050406767,0.0077952096428815796,0.22756591725837585,-0.02596462288289303,0.00655642187475769,1726,123,21,1.0
적립식_HOLD,주_a',적립식_HOLD_주_a',2,-0.012497297706068269,0.010589884981583995,0.25251856624497404,-0.03466218170594086,0.009667586293804322,1639,122,20,1.0
적립식_HOLD,주_a',적립식_HOLD_주_a',3,-0.016692708229624063,0.013038938453231817,0.21672090004556435,-0.04408650140736518,0.010701084948117053,1551,120,19,1.0
적립식_HOLD,주_a',적립식_HOLD_주_a',4,-0.01835849488823982,0.014675479357597833,0.22789086263604327,-0.049321049849070986,0.012604060072591346,1459,120,18,1.0
적립식_HOLD,주_a',적립식_HOLD_주_a',5,-0.02423904546883504,0.016205747807330063,0.1541930997844612,-0.05859369612343727,0.010115605185767186,1374,121,17,1.0
적립식_HOLD,주_a',적립식_HOLD_주_a',6,-0.03322899506534259,0.019729125202318638,0.11281922520355324,-0.07528063001211657,0.008822639881431386,1288,119,16,1.0
적립식_HOLD,주_a',적립식_HOLD_주_a',7,-0.03580935595928773,0.020359076875693993,0.10042373481441781,-0.0794752330205714,0.007856521101995945,1198,119,15,1.0
적립식_HOLD,주_a',적립식_HOLD_주_a',8,-0.03879179089577315,0.021855171630521163,0.09930994748547765,-0.08600701866796587,0.008423436876419568,1116,117,14,1.0
적립식_HOLD,주_a',적립식_HOLD_주_a',9,-0.03898012709368799,0.020399556984320586,0.08020565284779095,-0.0834269435706534,0.0054666893832774205,1038,114,13,0.9624678341734914
적립식_HOLD,주_a',적립식_HOLD_주_a',10,-0.028440880059072676,0.016925097646155293,0.12102295011182725,-0.0656927688113624,0.008811008693217052,967,114,12,1.0
적립식_HOLD,주_a',적립식_HOLD_주_a',11,-0.016696979798133678,0.016978815767012337,0.34860434859972944,-0.054528138869331,0.021134179273063644,887,115,11,1.0
적립식_HOLD,주_a',적립식_HOLD_주_a',12,-0.011505543123880562,0.01761043882820978,0.5298745953537656,-0.05134312345913494,0.028332037211373822,803,114,10,1.0
적립식_HOLD,강건_b,적립식_HOLD_강건_b,-6,0.015870877501315887,0.04715098017323218,0.7397611839073781,-0.08218495365941808,0.11392670866204985,1169,102,22,
적립식_HOLD,강건_b,적립식_HOLD_강건_b,-5,0.04411922101633005,0.03977936665897945,0.27992820242548644,-0.03860650062218228,0.12684494265484236,1169,102,22,
적립식_HOLD,강건_b,적립식_HOLD_강건_b,-4,0.04705721522811616,0.031576604249684025,0.15102470344984123,-0.018609928139013625,0.11272435859524593,1169,102,22,
적립식_HOLD,강건_b,적립식_HOLD_강건_b,-3,0.027498761553473538,0.023880746801893695,0.26246724203137634,-0.02216397011818085,0.07716149322512793,1169,102,22,
적립식_HOLD,강건_b,적립식_HOLD_강건_b,-2,0.010559602688909132,0.013258928235071752,0.43470281964323354,-0.01701384803499682,0.03813305341281509,1169,102,22,
적립식_HOLD,강건_b,적립식_HOLD_강건_b,0,-0.009170116459913408,0.015906364528660913,0.5704014879482457,-0.042249212353001914,0.023908979433175093,1169,102,22,
적립식_HOLD,강건_b,적립식_HOLD_강건_b,1,-0.0024393032517617676,0.025236246082991493,0.9239594647926155,-0.05508119012708835,0.05020258362356481,1081,99,21,1.0
적립식_HOLD,강건_b,적립식_HOLD_강건_b,2,0.004599312738548363,0.027477387057517896,0.8688355344512975,-0.05291151932512413,0.06211014480222086,1022,98,20,1.0
적립식_HOLD,강건_b,적립식_HOLD_강건_b,3,0.01347497923082769,0.03476951699614975,0.7028924910978445,-0.0595730653549187,0.08652302381657408,967,96,19,1.0
적립식_HOLD,강건_b,적립식_HOLD_강건_b,4,0.013756533217281798,0.039727794913732344,0.7333886749001736,-0.07006178736467786,0.09757485379924147,914,95,18,1.0
적립식_HOLD,강건_b,적립식_HOLD_강건_b,5,-0.012072593437089878,0.0424505302229435,0.7797576845481838,-0.10206369741145982,0.07791851053728008,855,92,17,1.0
적립식_HOLD,강건_b,적립식_HOLD_강건_b,6,-0.02446104357607505,0.03912963220322263,0.5412808534105261,-0.10786388035355508,0.05894179320140498,794,87,16,1.0
적립식_HOLD,강건_b,적립식_HOLD_강건_b,7,-0.02014305862144654,0.044089327226658044,0.6547733689699544,-0.1147052607364347,0.07441914349354162,741,86,15,1.0
적립식_HOLD,강건_b,적립식_HOLD_강건_b,8,-0.029256217302859256,0.03594368662856998,0.4303332410044777,-0.10690783129294258,0.048395396687224077,694,80,14,1.0
적립식_HOLD,강건_b,적립식_HOLD_강건_b,9,-0.019370403748828077,0.04037844276874853,0.6400503912201786,-0.1073474728953613,0.06860666539770514,646,78,13,1.0
적립식_HOLD,강건_b,적립식_HOLD_강건_b,10,-0.027073541441482156,0.036803971806785955,0.4773578005182525,-0.10807853722064911,0.053931454337684794,599,77,12,1.0
적립식_HOLD,강건_b,적립식_HOLD_강건_b,11,-0.018236304712725693,0.037926471605326244,0.6409817499811061,-0.10274174961530734,0.06626914018985595,547,76,11,1.0
적립식_HOLD,강건_b,적립식_HOLD_강건_b,12,0.011590222489193629,0.04743662721694477,0.8124538338851865,-0.09571888354860626,0.11889932852699352,494,73,10,1.0
