구분,항목,값
1_분포,외환_수출실적금액_실적있는달비율,0.2201
1_분포,외환_수출실적금액_법인별실적월중앙값,1.0
1_분포,외환_수출실적금액_양수금액중앙값,0.09
1_분포,외환_수입실적금액_실적있는달비율,0.2987
1_분포,외환_수입실적금액_법인별실적월중앙값,3.0
1_분포,외환_수입실적금액_양수금액중앙값,0.06
1_분포,FX_실적있는달비율,0.449
1_분포,FX_법인별실적월중앙값,9.0
1_분포,FX_양수금액중앙값,0.08
1_분포,FX양수_정수비율,0.0088
1_분포,FX양수_서로다른값,448.0
2_충격,a_정의되는법인월,12344.0
2_충격,a_법인,903.0
2_충격,b_정의되는법인월,6835.0
2_충격,b_법인,630.0
2_충격,a_정확히0비율,0.3154
2_충격,a_SD,0.2748
2_충격,a_0양수전환비율,0.2374
2_충격,b_발생비율,0.4004
2_충격,b_발생건,2737.0
2_충격,a_FE후분산비율,0.7338
2_충격,b_FE후분산비율,0.4666
2_시차별월,h=-6,22.0
2_시차별월,h=-2,22.0
2_시차별월,h=0,22.0
2_시차별월,h=3,19.0
2_시차별월,h=6,16.0
2_시차별월,h=9,13.0
2_시차별월,h=12,10.0
2_충격,a100_SD,1.2832
2_충격,dhs_SD,1.1021
3_역인과,a_수준_Pearson,-0.0595
3_역인과,a_수준_Spearman,-0.0136
3_역인과,a_법인내_Pearson,0.0006
3_역인과,a_직전변화_Spearman,0.0281
3_역인과,a_요구불Q1_평균,-0.0007
3_역인과,a_요구불Q2_평균,-0.0046
3_역인과,a_요구불Q3_평균,-0.0098
3_역인과,a_요구불Q4_평균,-0.0033
3_역인과,a_요구불Q5_평균,-0.0416
3_역인과,b_수준_Pearson,-0.0786
3_역인과,b_수준_Spearman,-0.0819
3_역인과,b_법인내_Pearson,-0.0249
3_역인과,b_직전변화_Spearman,-0.0618
3_역인과,b_요구불Q1_평균,0.455
3_역인과,b_요구불Q2_평균,0.4492
3_역인과,b_요구불Q3_평균,0.3928
3_역인과,b_요구불Q4_평균,0.3453
3_역인과,b_요구불Q5_평균,0.3599
