region,ym,exp_cnt,exp_amt,imp_cnt,imp_amt,balance,yoy_exp_amt,mom_exp_amt,yoy_exp_cnt,mom_exp_cnt,yoy_imp_amt,mom_imp_amt,yoy_imp_cnt,mom_imp_cnt
경북,202201,36962,4005345,104435,1713111,2292235,,,,,,,,
경북,202202,34598,3651929,95035,1774524,1877405,,-8.82,,-6.4,,3.58,,-9.0
경북,202203,43706,4996984,108697,1922557,3074427,,36.83,,26.33,,8.34,,14.38
경북,202204,38867,4348887,105717,2025585,2323302,,-12.97,,-11.07,,5.36,,-2.74
경북,202205,39261,3940729,104348,2144095,1796634,,-9.39,,1.01,,5.85,,-1.29
경북,202206,36628,3453263,104550,1891636,1561628,,-12.37,,-6.71,,-11.77,,0.19
경북,202207,35525,3455698,107789,2088176,1367522,,0.07,,-3.01,,10.39,,3.1
경북,202208,33877,3843210,107817,1975069,1868142,,11.21,,-4.64,,-5.42,,0.03
경북,202209,33812,3686125,104561,1616368,2069757,,-4.09,,-0.19,,-18.16,,-3.02
경북,202210,32731,3847887,106198,1490726,2357161,,4.39,,-3.2,,-7.77,,1.57
경북,202211,34190,3807787,114688,1552319,2255468,,-1.04,,4.46,,4.13,,7.99
경북,202212,33864,3841264,111686,1451946,2389318,,0.88,,-0.95,,-6.47,,-2.62
경북,202301,30263,3464567,105455,1821255,1643312,-13.5,-9.81,-18.12,-10.63,6.31,25.44,0.98,-5.58
경북,202302,31844,3426519,108099,1722337,1704182,-6.17,-1.1,-7.96,5.22,-2.94,-5.43,13.75,2.51
경북,202303,36578,3449125,121344,2164201,1284924,-30.98,0.66,-16.31,14.87,12.57,25.65,11.64,12.25
경북,202304,34190,3204687,114031,1810646,1394040,-26.31,-7.09,-12.03,-6.53,-10.61,-16.34,7.86,-6.03
경북,202305,35418,3479167,118293,1981772,1497395,-11.71,8.56,-9.79,3.59,-7.57,9.45,13.36,3.74
경북,202306,35690,3184759,118727,1896051,1288709,-7.78,-8.46,-2.56,0.77,0.23,-4.33,13.56,0.37
경북,202307,33969,3066452,123472,1607572,1458880,-11.26,-3.71,-4.38,-4.82,-23.02,-15.21,14.55,4.0
경북,202308,34453,3430530,123655,1612066,1818464,-10.74,11.87,1.7,1.42,-18.38,0.28,14.69,0.15
경북,202309,34196,3739714,122244,1649135,2090579,1.45,9.01,1.14,-0.75,2.03,2.3,16.91,-1.14
경북,202310,35501,3634820,136240,1510627,2124193,-5.54,-2.8,8.46,3.82,1.33,-8.4,28.29,11.45
경북,202311,37966,3725947,138824,1544946,2181001,-2.15,2.51,11.04,6.94,-0.47,2.27,21.04,1.9
경북,202312,34603,3251672,144291,1601275,1650397,-15.35,-12.73,2.18,-8.86,10.28,3.65,29.19,3.94
경북,202401,37033,3345814,149646,1655813,1690001,-3.43,2.9,22.37,7.02,-9.08,3.41,41.91,3.71
경북,202402,33625,2923496,124521,1280184,1643312,-14.68,-12.62,5.59,-9.2,-25.67,-22.69,15.19,-16.79
경북,202403,36065,3028209,158343,1871710,1156499,-12.2,3.58,-1.4,7.26,-13.51,46.21,30.49,27.16
경북,202404,37615,3181584,149867,1428431,1753153,-0.72,5.06,10.02,4.3,-21.11,-23.68,31.43,-5.35
경북,202405,37754,3274768,153455,1400591,1874177,-5.87,2.93,6.6,0.37,-29.33,-1.95,29.72,2.39
경북,202406,34863,2936704,138095,1361628,1575076,-7.79,-10.32,-2.32,-7.66,-28.19,-2.78,16.31,-10.01
경북,202407,40334,3420371,150387,1456368,1964002,11.54,16.47,18.74,15.69,-9.41,6.96,21.8,8.9
경북,202408,37977,3745318,147601,1615032,2130286,9.18,9.5,10.23,-5.84,0.18,10.89,19.37,-1.85
경북,202409,36373,3776194,150591,1581070,2195124,0.98,0.82,6.37,-4.22,-4.13,-2.1,23.19,2.03
경북,202410,38515,3925563,168265,1461439,2464123,8.0,3.96,8.49,5.89,-3.26,-7.57,23.51,11.74
경북,202411,37880,3463593,162425,1441906,2021688,-7.04,-11.77,-0.23,-1.65,-6.67,-1.34,17.0,-3.47
경북,202412,37541,3292916,164725,1546545,1746371,1.27,-4.93,8.49,-0.89,-3.42,7.26,14.16,1.42
경북,202501,33507,2803152,130310,1253124,1550028,-16.22,-14.87,-9.52,-10.75,-24.32,-18.97,-12.92,-20.89
경북,202502,36663,3088087,136764,1299053,1789034,5.63,10.16,9.03,9.42,1.47,3.67,9.83,4.95
경북,202503,38019,3115783,156163,1214063,1901720,2.89,0.9,5.42,3.7,-35.14,-6.54,-1.38,14.18
경북,202504,41336,3265617,160673,1293699,1971918,2.64,4.81,9.89,8.72,-9.43,6.56,7.21,2.89
경북,202505,37573,2988417,161816,1135687,1852730,-8.74,-8.49,-0.48,-9.1,-18.91,-12.21,5.45,0.71
경북,202506,37037,2788129,148580,1212385,1575745,-5.06,-6.7,6.24,-1.43,-10.96,6.75,7.59,-8.18
경북,202507,40219,3230634,166473,1407671,1822963,-5.55,15.87,-0.29,8.59,-3.34,16.11,10.7,12.04
경북,202508,34118,3360825,157273,1201234,2159592,-10.27,4.03,-10.16,-15.17,-25.62,-14.67,6.55,-5.53
경북,202509,39144,3641114,177196,1403137,2237977,-3.58,8.34,7.62,14.73,-11.25,16.81,17.67,12.67
경북,202510,33292,3475824,164412,1386315,2089509,-11.46,-4.54,-13.56,-14.95,-5.14,-1.2,-2.29,-7.21
경북,202511,35266,3322690,169662,1352454,1970236,-4.07,-4.41,-6.9,5.93,-6.2,-2.44,4.46,3.19
경북,202512,36668,3392549,171138,1233434,2159115,3.03,2.1,-2.33,3.98,-20.25,-8.8,3.89,0.87
대구,202201,24809,797995,121845,536728,261267,,,,,,,,
대구,202202,21426,679347,111234,444815,234532,,-14.87,,-13.64,,-17.12,,-8.71
대구,202203,24875,871635,124296,607296,264339,,28.3,,16.1,,36.53,,11.74
대구,202204,23256,859665,121369,595942,263723,,-1.37,,-6.51,,-1.87,,-2.35
대구,202205,22764,895491,118967,706177,189314,,4.17,,-2.12,,18.5,,-1.98
대구,202206,23084,898167,119020,786992,111175,,0.3,,1.41,,11.44,,0.04
대구,202207,24398,951790,120288,729253,222537,,5.97,,5.69,,-7.34,,1.07
대구,202208,25750,946810,119855,759123,187687,,-0.52,,5.54,,4.1,,-0.36
대구,202209,26019,899884,118292,683130,216754,,-4.96,,1.04,,-10.01,,-1.3
대구,202210,24637,870795,118784,738722,132073,,-3.23,,-5.31,,8.14,,0.42
대구,202211,28618,999278,127547,785705,213573,,14.75,,16.16,,6.36,,7.38
대구,202212,23344,970296,124767,741126,229170,,-2.9,,-18.43,,-5.67,,-2.18
대구,202301,20411,840077,119675,701737,138340,5.27,-13.42,-17.73,-12.56,30.74,-5.31,-1.78,-4.08
대구,202302,22483,1008070,120687,681225,326845,48.39,20.0,4.93,10.15,53.15,-2.92,8.5,0.85
대구,202303,27001,1148790,132125,901410,247380,31.8,13.96,8.55,20.1,48.43,32.32,6.3,9.48
대구,202304,22924,1006324,125532,939585,66739,17.06,-12.4,-1.43,-15.1,57.66,4.24,3.43,-4.99
대구,202305,24058,1044463,130617,836279,208184,16.64,3.79,5.68,4.95,18.42,-10.99,9.79,4.05
대구,202306,23853,943830,132744,732336,211494,5.08,-9.63,3.33,-0.85,-6.94,-12.43,11.53,1.63
대구,202307,21218,855957,138941,693458,162500,-10.07,-9.31,-13.03,-11.05,-4.91,-5.31,15.51,4.67
대구,202308,20892,864062,135609,679798,184265,-8.74,0.95,-18.87,-1.54,-10.45,-1.97,13.14,-2.4
대구,202309,21816,843757,134247,558323,285434,-6.24,-2.35,-16.15,4.42,-18.27,-17.87,13.49,-1.0
대구,202310,20624,775545,145093,514039,261506,-10.94,-8.08,-16.29,-5.46,-30.42,-7.93,22.15,8.08
대구,202311,22202,884688,151586,583154,301534,-11.47,14.07,-22.42,7.65,-25.78,13.45,18.85,4.48
대구,202312,18724,800737,157907,534077,266660,-17.47,-9.49,-19.79,-15.67,-27.94,-8.42,26.56,4.17
대구,202401,20028,819257,165244,581871,237386,-2.48,2.31,-1.88,6.96,-17.08,8.95,38.08,4.65
대구,202402,18227,754805,135133,406465,348340,-25.12,-7.87,-18.93,-8.99,-40.33,-30.15,11.97,-18.22
대구,202403,19194,816031,172467,547869,268162,-28.97,8.11,-28.91,5.31,-39.22,34.79,30.53,27.63
대구,202404,19822,843122,164802,592636,250486,-16.22,3.32,-13.53,3.27,-36.93,8.17,31.28,-4.44
대구,202405,20220,730592,167788,543077,187515,-30.05,-13.35,-15.95,2.01,-35.06,-8.36,28.46,1.81
대구,202406,18784,750793,149404,447377,303417,-20.45,2.77,-21.25,-7.1,-38.91,-17.62,12.55,-10.96
대구,202407,20156,719689,160997,451074,268615,-15.92,-4.14,-5.01,7.3,-34.95,0.83,15.87,7.76
대구,202408,18036,693173,157030,484099,209074,-19.78,-3.68,-13.67,-10.52,-28.79,7.32,15.8,-2.46
대구,202409,16556,617453,159553,416506,200948,-26.82,-10.92,-24.11,-8.21,-25.4,-13.96,18.85,1.61
대구,202410,19066,728106,175727,408997,319108,-6.12,17.92,-7.55,15.16,-20.43,-1.8,21.11,10.14
대구,202411,18685,677906,173790,454733,223173,-23.37,-6.89,-15.84,-2.0,-22.02,11.18,14.65,-1.1
대구,202412,17878,727371,178056,440126,287246,-9.16,7.3,-4.52,-4.32,-17.59,-3.21,12.76,2.45
대구,202501,15928,585256,144897,441708,143548,-28.56,-19.54,-20.47,-10.91,-24.09,0.36,-12.31,-18.62
대구,202502,17809,697043,147972,470273,226770,-7.65,19.1,-2.29,11.81,15.7,6.47,9.5,2.12
대구,202503,18198,707898,170852,512356,195541,-13.25,1.56,-5.19,2.18,-6.48,8.95,-0.94,15.46
대구,202504,19444,875334,172463,534686,340648,3.82,23.65,-1.91,6.85,-9.78,4.36,4.65,0.94
대구,202505,17382,743280,173423,474057,269223,1.74,-15.09,-14.04,-10.6,-12.71,-11.34,3.36,0.56
대구,202506,17172,812159,159455,524861,287298,8.17,9.27,-8.58,-1.21,17.32,10.72,6.73,-8.05
대구,202507,18108,788561,176396,519624,268937,9.57,-2.91,-10.16,5.45,15.2,-1.0,9.56,10.62
대구,202508,16238,728824,168409,512060,216764,5.14,-7.58,-9.97,-10.33,5.78,-1.46,7.25,-4.53
대구,202509,17601,800625,188622,566798,233827,29.67,9.85,6.31,8.39,36.08,10.69,18.22,12.0
대구,202510,14569,677686,177334,498770,178917,-6.92,-15.36,-23.59,-17.23,21.95,-12.0,0.91,-5.98
대구,202511,16052,762296,186495,521276,241020,12.45,12.49,-14.09,10.18,14.63,4.51,7.31,5.17
대구,202512,16695,853921,185573,562717,291204,17.4,12.02,-6.62,4.01,27.85,7.95,4.22,-0.49
