기준년월,ym,기준금리,전월차_%p,출처,수집일
2021-01,202101,0.5,,"한국은행 ECOS 722Y001 한국은행 기준금리 및 여수신금리, 항목 0101000 한국은행 기준금리(월 자료, 연%)",2026-09-29
2021-02,202102,0.5,0.0,"한국은행 ECOS 722Y001 한국은행 기준금리 및 여수신금리, 항목 0101000 한국은행 기준금리(월 자료, 연%)",2026-09-29
2021-03,202103,0.5,0.0,"한국은행 ECOS 722Y001 한국은행 기준금리 및 여수신금리, 항목 0101000 한국은행 기준금리(월 자료, 연%)",2026-09-29
2021-04,202104,0.5,0.0,"한국은행 ECOS 722Y001 한국은행 기준금리 및 여수신금리, 항목 0101000 한국은행 기준금리(월 자료, 연%)",2026-09-29
2021-05,202105,0.5,0.0,"한국은행 ECOS 722Y001 한국은행 기준금리 및 여수신금리, 항목 0101000 한국은행 기준금리(월 자료, 연%)",2026-09-29
2021-06,202106,0.5,0.0,"한국은행 ECOS 722Y001 한국은행 기준금리 및 여수신금리, 항목 0101000 한국은행 기준금리(월 자료, 연%)",2026-09-29
2021-07,202107,0.5,0.0,"한국은행 ECOS 722Y001 한국은행 기준금리 및 여수신금리, 항목 0101000 한국은행 기준금리(월 자료, 연%)",2026-09-29
2021-08,202108,0.75,0.25,"한국은행 ECOS 722Y001 한국은행 기준금리 및 여수신금리, 항목 0101000 한국은행 기준금리(월 자료, 연%)",2026-09-29
2021-09,202109,0.75,0.0,"한국은행 ECOS 722Y001 한국은행 기준금리 및 여수신금리, 항목 0101000 한국은행 기준금리(월 자료, 연%)",2026-09-29
2021-10,202110,0.75,0.0,"한국은행 ECOS 722Y001 한국은행 기준금리 및 여수신금리, 항목 0101000 한국은행 기준금리(월 자료, 연%)",2026-09-29
2021-11,202111,1.0,0.25,"한국은행 ECOS 722Y001 한국은행 기준금리 및 여수신금리, 항목 0101000 한국은행 기준금리(월 자료, 연%)",2026-09-29
2021-12,202112,1.0,0.0,"한국은행 ECOS 722Y001 한국은행 기준금리 및 여수신금리, 항목 0101000 한국은행 기준금리(월 자료, 연%)",2026-09-29
2022-01,202201,1.25,0.25,"한국은행 ECOS 722Y001 한국은행 기준금리 및 여수신금리, 항목 0101000 한국은행 기준금리(월 자료, 연%)",2026-09-29
2022-02,202202,1.25,0.0,"한국은행 ECOS 722Y001 한국은행 기준금리 및 여수신금리, 항목 0101000 한국은행 기준금리(월 자료, 연%)",2026-09-29
2022-03,202203,1.25,0.0,"한국은행 ECOS 722Y001 한국은행 기준금리 및 여수신금리, 항목 0101000 한국은행 기준금리(월 자료, 연%)",2026-09-29
2022-04,202204,1.5,0.25,"한국은행 ECOS 722Y001 한국은행 기준금리 및 여수신금리, 항목 0101000 한국은행 기준금리(월 자료, 연%)",2026-09-29
2022-05,202205,1.75,0.25,"한국은행 ECOS 722Y001 한국은행 기준금리 및 여수신금리, 항목 0101000 한국은행 기준금리(월 자료, 연%)",2026-09-29
2022-06,202206,1.75,0.0,"한국은행 ECOS 722Y001 한국은행 기준금리 및 여수신금리, 항목 0101000 한국은행 기준금리(월 자료, 연%)",2026-09-29
2022-07,202207,2.25,0.5,"한국은행 ECOS 722Y001 한국은행 기준금리 및 여수신금리, 항목 0101000 한국은행 기준금리(월 자료, 연%)",2026-09-29
2022-08,202208,2.5,0.25,"한국은행 ECOS 722Y001 한국은행 기준금리 및 여수신금리, 항목 0101000 한국은행 기준금리(월 자료, 연%)",2026-09-29
2022-09,202209,2.5,0.0,"한국은행 ECOS 722Y001 한국은행 기준금리 및 여수신금리, 항목 0101000 한국은행 기준금리(월 자료, 연%)",2026-09-29
2022-10,202210,3.0,0.5,"한국은행 ECOS 722Y001 한국은행 기준금리 및 여수신금리, 항목 0101000 한국은행 기준금리(월 자료, 연%)",2026-09-29
2022-11,202211,3.25,0.25,"한국은행 ECOS 722Y001 한국은행 기준금리 및 여수신금리, 항목 0101000 한국은행 기준금리(월 자료, 연%)",2026-09-29
2022-12,202212,3.25,0.0,"한국은행 ECOS 722Y001 한국은행 기준금리 및 여수신금리, 항목 0101000 한국은행 기준금리(월 자료, 연%)",2026-09-29
2023-01,202301,3.5,0.25,"한국은행 ECOS 722Y001 한국은행 기준금리 및 여수신금리, 항목 0101000 한국은행 기준금리(월 자료, 연%)",2026-09-29
2023-02,202302,3.5,0.0,"한국은행 ECOS 722Y001 한국은행 기준금리 및 여수신금리, 항목 0101000 한국은행 기준금리(월 자료, 연%)",2026-09-29
2023-03,202303,3.5,0.0,"한국은행 ECOS 722Y001 한국은행 기준금리 및 여수신금리, 항목 0101000 한국은행 기준금리(월 자료, 연%)",2026-09-29
2023-04,202304,3.5,0.0,"한국은행 ECOS 722Y001 한국은행 기준금리 및 여수신금리, 항목 0101000 한국은행 기준금리(월 자료, 연%)",2026-09-29
2023-05,202305,3.5,0.0,"한국은행 ECOS 722Y001 한국은행 기준금리 및 여수신금리, 항목 0101000 한국은행 기준금리(월 자료, 연%)",2026-09-29
2023-06,202306,3.5,0.0,"한국은행 ECOS 722Y001 한국은행 기준금리 및 여수신금리, 항목 0101000 한국은행 기준금리(월 자료, 연%)",2026-09-29
2023-07,202307,3.5,0.0,"한국은행 ECOS 722Y001 한국은행 기준금리 및 여수신금리, 항목 0101000 한국은행 기준금리(월 자료, 연%)",2026-09-29
2023-08,202308,3.5,0.0,"한국은행 ECOS 722Y001 한국은행 기준금리 및 여수신금리, 항목 0101000 한국은행 기준금리(월 자료, 연%)",2026-09-29
2023-09,202309,3.5,0.0,"한국은행 ECOS 722Y001 한국은행 기준금리 및 여수신금리, 항목 0101000 한국은행 기준금리(월 자료, 연%)",2026-09-29
2023-10,202310,3.5,0.0,"한국은행 ECOS 722Y001 한국은행 기준금리 및 여수신금리, 항목 0101000 한국은행 기준금리(월 자료, 연%)",2026-09-29
2023-11,202311,3.5,0.0,"한국은행 ECOS 722Y001 한국은행 기준금리 및 여수신금리, 항목 0101000 한국은행 기준금리(월 자료, 연%)",2026-09-29
2023-12,202312,3.5,0.0,"한국은행 ECOS 722Y001 한국은행 기준금리 및 여수신금리, 항목 0101000 한국은행 기준금리(월 자료, 연%)",2026-09-29
2024-01,202401,3.5,0.0,"한국은행 ECOS 722Y001 한국은행 기준금리 및 여수신금리, 항목 0101000 한국은행 기준금리(월 자료, 연%)",2026-09-29
2024-02,202402,3.5,0.0,"한국은행 ECOS 722Y001 한국은행 기준금리 및 여수신금리, 항목 0101000 한국은행 기준금리(월 자료, 연%)",2026-09-29
2024-03,202403,3.5,0.0,"한국은행 ECOS 722Y001 한국은행 기준금리 및 여수신금리, 항목 0101000 한국은행 기준금리(월 자료, 연%)",2026-09-29
2024-04,202404,3.5,0.0,"한국은행 ECOS 722Y001 한국은행 기준금리 및 여수신금리, 항목 0101000 한국은행 기준금리(월 자료, 연%)",2026-09-29
2024-05,202405,3.5,0.0,"한국은행 ECOS 722Y001 한국은행 기준금리 및 여수신금리, 항목 0101000 한국은행 기준금리(월 자료, 연%)",2026-09-29
2024-06,202406,3.5,0.0,"한국은행 ECOS 722Y001 한국은행 기준금리 및 여수신금리, 항목 0101000 한국은행 기준금리(월 자료, 연%)",2026-09-29
2024-07,202407,3.5,0.0,"한국은행 ECOS 722Y001 한국은행 기준금리 및 여수신금리, 항목 0101000 한국은행 기준금리(월 자료, 연%)",2026-09-29
2024-08,202408,3.5,0.0,"한국은행 ECOS 722Y001 한국은행 기준금리 및 여수신금리, 항목 0101000 한국은행 기준금리(월 자료, 연%)",2026-09-29
2024-09,202409,3.5,0.0,"한국은행 ECOS 722Y001 한국은행 기준금리 및 여수신금리, 항목 0101000 한국은행 기준금리(월 자료, 연%)",2026-09-29
2024-10,202410,3.25,-0.25,"한국은행 ECOS 722Y001 한국은행 기준금리 및 여수신금리, 항목 0101000 한국은행 기준금리(월 자료, 연%)",2026-09-29
2024-11,202411,3.0,-0.25,"한국은행 ECOS 722Y001 한국은행 기준금리 및 여수신금리, 항목 0101000 한국은행 기준금리(월 자료, 연%)",2026-09-29
2024-12,202412,3.0,0.0,"한국은행 ECOS 722Y001 한국은행 기준금리 및 여수신금리, 항목 0101000 한국은행 기준금리(월 자료, 연%)",2026-09-29
2025-01,202501,3.0,0.0,"한국은행 ECOS 722Y001 한국은행 기준금리 및 여수신금리, 항목 0101000 한국은행 기준금리(월 자료, 연%)",2026-09-29
2025-02,202502,2.75,-0.25,"한국은행 ECOS 722Y001 한국은행 기준금리 및 여수신금리, 항목 0101000 한국은행 기준금리(월 자료, 연%)",2026-09-29
2025-03,202503,2.75,0.0,"한국은행 ECOS 722Y001 한국은행 기준금리 및 여수신금리, 항목 0101000 한국은행 기준금리(월 자료, 연%)",2026-09-29
2025-04,202504,2.75,0.0,"한국은행 ECOS 722Y001 한국은행 기준금리 및 여수신금리, 항목 0101000 한국은행 기준금리(월 자료, 연%)",2026-09-29
2025-05,202505,2.5,-0.25,"한국은행 ECOS 722Y001 한국은행 기준금리 및 여수신금리, 항목 0101000 한국은행 기준금리(월 자료, 연%)",2026-09-29
2025-06,202506,2.5,0.0,"한국은행 ECOS 722Y001 한국은행 기준금리 및 여수신금리, 항목 0101000 한국은행 기준금리(월 자료, 연%)",2026-09-29
2025-07,202507,2.5,0.0,"한국은행 ECOS 722Y001 한국은행 기준금리 및 여수신금리, 항목 0101000 한국은행 기준금리(월 자료, 연%)",2026-09-29
2025-08,202508,2.5,0.0,"한국은행 ECOS 722Y001 한국은행 기준금리 및 여수신금리, 항목 0101000 한국은행 기준금리(월 자료, 연%)",2026-09-29
2025-09,202509,2.5,0.0,"한국은행 ECOS 722Y001 한국은행 기준금리 및 여수신금리, 항목 0101000 한국은행 기준금리(월 자료, 연%)",2026-09-29
2025-10,202510,2.5,0.0,"한국은행 ECOS 722Y001 한국은행 기준금리 및 여수신금리, 항목 0101000 한국은행 기준금리(월 자료, 연%)",2026-09-29
2025-11,202511,2.5,0.0,"한국은행 ECOS 722Y001 한국은행 기준금리 및 여수신금리, 항목 0101000 한국은행 기준금리(월 자료, 연%)",2026-09-29
2025-12,202512,2.5,0.0,"한국은행 ECOS 722Y001 한국은행 기준금리 및 여수신금리, 항목 0101000 한국은행 기준금리(월 자료, 연%)",2026-09-29
