h,규모Q,R_절대중앙값,R근사0_비율,n
1,1,0.11999999999999963,0.3059143585459375,46683
1,2,0.2900000000000024,0.15571312283106978,46682
1,3,1.0999999999999996,0.09510956879377933,46683
1,4,3.799999999999997,0.10260914271025234,46682
1,5,10.0,0.14431377589272326,46683
3,1,0.4700000000000057,0.22992745604328046,40665
3,2,0.5000000000000013,0.10436749950816447,40664
3,3,2.2,0.0587497540822349,40664
3,4,5.5,0.05680700373795003,40664
3,5,15.0,0.08759375384237059,40665
6,1,1.0,0.16538240715559183,33093
6,2,0.9000000000000004,0.0699867037350417,33092
6,3,4.0,0.037048229179257826,33092
6,4,8.0,0.037320198235223014,33092
6,5,23.80000000000001,0.0557234376888674,33092
