계정,h,이전,이후,행
요구불,1,0,0,15763
요구불,1,0,양수,5099
요구불,1,양수,0,5706
요구불,1,양수,양수,206845
운전자금,1,0,0,40426
운전자금,1,0,양수,2705
운전자금,1,양수,0,2985
운전자금,1,양수,양수,187297
거치식,1,0,0,219894
거치식,1,0,양수,679
거치식,1,양수,0,707
거치식,1,양수,양수,12133
적립식,1,0,0,222361
적립식,1,0,양수,499
적립식,1,양수,0,557
적립식,1,양수,양수,9996
요구불,6,0,0,11245
요구불,6,0,양수,5051
요구불,6,양수,0,6539
요구불,6,양수,양수,165578
운전자금,6,0,0,30943
운전자금,6,0,양수,3575
운전자금,6,양수,0,3894
운전자금,6,양수,양수,150001
거치식,6,0,0,176360
거치식,6,0,양수,1494
거치식,6,양수,0,1470
거치식,6,양수,양수,9089
적립식,6,0,0,178427
적립식,6,0,양수,1213
적립식,6,양수,0,1399
적립식,6,양수,양수,7374
