변수,결측_수,결측_비율(%)
기준년월,0,0.0
법인ID,0,0.0
업종_대분류,0,0.0
업종_중분류,0,0.0
사업장_시도,0,0.0
사업장_시군구,0,0.0
법인_고객등급,0,0.0
전담고객여부,0,0.0
요구불예금잔액,0,0.0
거치식예금잔액,0,0.0
적립식예금잔액,0,0.0
수익증권잔액,0,0.0
신탁잔액,0,0.0
퇴직연금잔액,0,0.0
여신한도금액,0,0.0
여신_운전자금대출잔액,0,0.0
운전_할인어음잔액,0,0.0
운전_당좌대출잔액,0,0.0
운전_일반자금대출잔액,0,0.0
운전_무역금융잔액,0,0.0
운전_주택자금대출잔액,0,0.0
운전_기업구매자금대출잔액,0,0.0
운전_외상매출채권담보대출잔액,0,0.0
운전_기타운전자금대출잔액,0,0.0
여신_시설자금대출잔액,0,0.0
시설_일반자금대출잔액,0,0.0
시설_에너지절약시설대출잔액,0,0.0
시설_주택자금대출잔액,0,0.0
시설_기타시설자금대출잔액,0,0.0
외환_수출실적금액,0,0.0
외환_수입실적금액,0,0.0
신용카드사용금액,0,0.0
체크카드사용금액,0,0.0
창구거래금액,0,0.0
인터넷뱅킹거래금액,0,0.0
스마트뱅킹거래금액,0,0.0
폰뱅킹거래금액,0,0.0
ATM거래금액,0,0.0
자동이체금액,0,0.0
요구불입금금액,0,0.0
요구불출금금액,0,0.0
요구불예금좌수,0,0.0
거치식예금좌수,0,0.0
적립식예금좌수,0,0.0
수익증권좌수,0,0.0
신탁좌수,0,0.0
퇴직연금좌수,0,0.0
여신_운전자금대출좌수,0,0.0
운전_할인어음좌수,0,0.0
운전_당좌대출좌수,0,0.0
운전_일반자금대출좌수,0,0.0
운전_무역금융좌수,0,0.0
운전_주택자금대출좌수,0,0.0
운전_기업구매자금대출좌수,0,0.0
운전_외상매출채권담보대출좌수,0,0.0
운전_기타운전자금대출좌수,0,0.0
여신_시설자금대출좌수,0,0.0
시설_일반자금대출좌수,0,0.0
시설_에너지절약시설대출좌수,0,0.0
시설_주택자금대출좌수,0,0.0
시설_기타시설자금대출좌수,0,0.0
신용카드개수,0,0.0
외환_수출실적거래건수,0,0.0
외환_수입실적거래건수,0,0.0
창구거래건수,0,0.0
인터넷뱅킹거래건수,0,0.0
스마트뱅킹거래건수,0,0.0
폰뱅킹거래건수,0,0.0
ATM거래건수,0,0.0
자동이체거래건수,0,0.0
exp_yoy,0,0.0
phase,0,0.0
exposed,0,0.0
