변수,범주,빈도,비율(%)
업종_대분류,제조업,91233,33.55
업종_대분류,도매 및 소매업,50885,18.71
업종_대분류,건설업,44661,16.42
업종_대분류,부동산업,23658,8.7
업종_대분류,"사업시설 관리, 사업 지원 및 임대 서비스업",9961,3.66
업종_대분류,운수 및 창고업,9574,3.52
업종_대분류,"전문, 과학 및 기술 서비스업",8514,3.13
업종_대분류,숙박 및 음식점업,5974,2.2
업종_대분류,정보통신업,5753,2.12
업종_대분류,"협회 및 단체, 수리 및 기타 개인 서비스업",5691,2.09
업종_대분류,교육 서비스업,3847,1.41
업종_대분류,"수도, 하수 및 폐기물 처리, 원료 재생업",3734,1.37
업종_대분류,(그 외 6개 범주),8430,3.1
업종_중분류,도매 및 상품 중개업,37681,13.86
업종_중분류,전문직별 공사업,28538,10.5
업종_중분류,부동산업,23658,8.7
업종_중분류,종합 건설업,16123,5.93
업종_중분류,기타 기계 및 장비 제조업,11841,4.35
업종_중분류,금속가공제품 제조업; 기계 및 가구 제외,10442,3.84
업종_중분류,소매업; 자동차 제외,10345,3.8
업종_중분류,자동차 및 트레일러 제조업,10219,3.76
업종_중분류,섬유제품 제조업; 의복제외,9710,3.57
업종_중분류,식료품 제조업,8438,3.1
업종_중분류,사업지원 서비스업,6639,2.44
업종_중분류,육상운송 및 파이프라인 운송업,6135,2.26
업종_중분류,(그 외 49개 범주),92146,33.89
사업장_시도,대구,151867,55.85
사업장_시도,경북,120048,44.15
사업장_시군구,대구광역시,151867,55.85
사업장_시군구,경상북도,120048,44.15
법인_고객등급,최우수,93112,34.24
법인_고객등급,우수,90409,33.25
법인_고객등급,일반,88394,32.51
전담고객여부,Y,203731,74.92
전담고객여부,N,68184,25.08
phase,하락,141324,51.97
phase,증가,92154,33.89
phase,깊은하락,38437,14.14
exposed,0,242710,89.26
exposed,1,29205,10.74
