변수,범주_수,0_비율(%),최빈_범주,최빈_비율(%)
요구불예금좌수,10,0.02,2개초과 5개이하,31.96
거치식예금좌수,9,93.09,0개,93.09
적립식예금좌수,8,94.29,0개,94.29
수익증권좌수,6,97.92,0개,97.92
신탁좌수,7,74.95,0개,74.95
퇴직연금좌수,5,77.55,0개,77.55
여신_운전자금대출좌수,10,11.93,1개,31.42
운전_할인어음좌수,5,96.4,0개,96.4
운전_당좌대출좌수,2,98.73,0개,98.73
운전_일반자금대출좌수,8,16.01,1개,35.97
운전_무역금융좌수,10,98.39,0개,98.39
운전_주택자금대출좌수,5,99.94,0개,99.94
운전_기업구매자금대출좌수,5,97.65,0개,97.65
운전_외상매출채권담보대출좌수,4,98.35,0개,98.35
운전_기타운전자금대출좌수,5,92.26,0개,92.26
여신_시설자금대출좌수,7,68.56,0개,68.56
시설_일반자금대출좌수,6,70.98,0개,70.98
시설_에너지절약시설대출좌수,5,98.25,0개,98.25
시설_주택자금대출좌수,5,99.94,0개,99.94
시설_기타시설자금대출좌수,6,95.22,0개,95.22
신용카드개수,10,20.17,2개초과 5개이하,23.01
외환_수출실적거래건수,10,97.64,0건,97.64
외환_수입실적거래건수,8,96.79,0건,96.79
창구거래건수,10,72.82,0건,72.82
인터넷뱅킹거래건수,10,27.38,0건,27.38
스마트뱅킹거래건수,10,65.45,0건,65.45
폰뱅킹거래건수,10,90.91,0건,90.91
ATM거래건수,10,69.2,0건,69.2
자동이체거래건수,10,2.96,10건초과 20건이하,27.96
