업종,계정,h,n_obs,n_처치법인,coef,se,p,신뢰주의,실패사유
1차 금속 제조업,요구불,0,7441,58,-0.116831,0.072737,0.108274,False,
1차 금속 제조업,요구불,1,6893,55,-0.01787,0.068008,0.79274,False,
1차 금속 제조업,요구불,2,6632,57,-0.1052,0.109659,0.337427,False,
1차 금속 제조업,요구불,3,6351,56,-0.085635,0.116792,0.463452,False,
1차 금속 제조업,요구불,4,6046,56,-0.282709,0.126436,0.025391,False,
1차 금속 제조업,요구불,5,5786,56,-0.308362,0.125733,0.014217,False,
1차 금속 제조업,요구불,6,5497,56,-0.382625,0.150566,0.011075,False,
1차 금속 제조업,할인어음,0,7441,58,0.004397,0.035329,0.900949,False,
1차 금속 제조업,할인어음,1,6893,55,0.001017,0.055594,0.9854,False,
1차 금속 제조업,할인어음,2,6632,57,-0.002622,0.077148,0.972892,False,
1차 금속 제조업,할인어음,3,6351,56,-0.095688,0.102147,0.348918,False,
1차 금속 제조업,할인어음,4,6046,56,-0.066127,0.126133,0.600116,False,
1차 금속 제조업,할인어음,5,5786,56,-0.103413,0.127976,0.419088,False,
1차 금속 제조업,할인어음,6,5497,56,-0.094439,0.139885,0.49963,False,
1차 금속 제조업,운전자금,0,7441,58,-0.048991,0.043284,0.257727,False,
1차 금속 제조업,운전자금,1,6893,55,-0.004467,0.060781,0.941419,False,
1차 금속 제조업,운전자금,2,6632,57,-0.050753,0.076592,0.507579,False,
1차 금속 제조업,운전자금,3,6351,56,-0.134283,0.090042,0.135924,False,
1차 금속 제조업,운전자금,4,6046,56,-0.16102,0.112253,0.151502,False,
1차 금속 제조업,운전자금,5,5786,56,-0.13266,0.130044,0.30772,False,
1차 금속 제조업,운전자금,6,5497,56,-0.160552,0.143852,0.264436,False,
가구 제조업,요구불,0,972,-1,0.567556,0.235085,0.015968,True,
가구 제조업,요구불,1,894,-1,0.421071,0.390521,0.281251,True,
가구 제조업,요구불,2,856,-1,0.611874,0.450825,0.175102,True,
가구 제조업,요구불,3,814,-1,0.886142,0.353323,0.012355,True,
가구 제조업,요구불,4,770,-1,0.590129,0.382907,0.123727,True,
가구 제조업,요구불,5,731,-1,0.87474,0.389451,0.025029,True,
가구 제조업,요구불,6,692,-1,0.390819,0.559076,0.484785,True,
가구 제조업,할인어음,0,972,-1,0.002741,0.005118,0.59238,True,
가구 제조업,할인어음,1,894,-1,0.015497,0.015588,0.320438,True,
가구 제조업,할인어음,2,856,-1,-0.078577,0.104475,0.452208,True,
가구 제조업,할인어음,3,814,-1,-0.064946,0.115621,0.57448,True,
가구 제조업,할인어음,4,770,-1,-0.070496,0.127493,0.580483,True,
가구 제조업,할인어음,5,731,-1,-0.073736,0.138269,0.594021,True,
가구 제조업,할인어음,6,692,-1,-0.07584,0.142559,0.594925,True,
가구 제조업,운전자금,0,972,-1,0.072205,0.048829,0.139571,True,
가구 제조업,운전자금,1,894,-1,0.012528,0.051133,0.806513,True,
가구 제조업,운전자금,2,856,-1,-0.048249,0.041732,0.247971,True,
가구 제조업,운전자금,3,814,-1,-0.066142,0.081019,0.414553,True,
가구 제조업,운전자금,4,770,-1,-0.090827,0.070402,0.197442,True,
가구 제조업,운전자금,5,731,-1,-0.167897,0.095731,0.079922,True,
가구 제조업,운전자금,6,692,-1,-0.233643,0.152813,0.126784,True,
"가죽, 가방 및 신발 제조업",요구불,0,663,-1,0.101752,0.272745,0.70923,True,
"가죽, 가방 및 신발 제조업",요구불,1,624,-1,0.091208,0.272686,0.738143,True,
"가죽, 가방 및 신발 제조업",요구불,2,597,-1,-0.434887,0.304896,0.154351,True,
"가죽, 가방 및 신발 제조업",요구불,3,567,-1,-0.092742,0.785327,0.90604,True,
"가죽, 가방 및 신발 제조업",요구불,4,543,-1,-0.478134,0.660252,0.46931,True,
"가죽, 가방 및 신발 제조업",요구불,5,522,-1,0.173077,1.021232,0.865493,True,
"가죽, 가방 및 신발 제조업",요구불,6,499,-1,0.020647,0.536339,0.969309,True,
"가죽, 가방 및 신발 제조업",할인어음,0,663,-1,,,,True,종속변수(y_h)가 이 표본에서 전혀 변하지 않음(상수) - 회귀 불가
"가죽, 가방 및 신발 제조업",할인어음,1,624,-1,,,,True,종속변수(y_h)가 이 표본에서 전혀 변하지 않음(상수) - 회귀 불가
"가죽, 가방 및 신발 제조업",할인어음,2,597,-1,,,,True,종속변수(y_h)가 이 표본에서 전혀 변하지 않음(상수) - 회귀 불가
"가죽, 가방 및 신발 제조업",할인어음,3,567,-1,,,,True,종속변수(y_h)가 이 표본에서 전혀 변하지 않음(상수) - 회귀 불가
"가죽, 가방 및 신발 제조업",할인어음,4,543,-1,,,,True,종속변수(y_h)가 이 표본에서 전혀 변하지 않음(상수) - 회귀 불가
"가죽, 가방 및 신발 제조업",할인어음,5,522,-1,,,,True,종속변수(y_h)가 이 표본에서 전혀 변하지 않음(상수) - 회귀 불가
"가죽, 가방 및 신발 제조업",할인어음,6,499,-1,,,,True,종속변수(y_h)가 이 표본에서 전혀 변하지 않음(상수) - 회귀 불가
"가죽, 가방 및 신발 제조업",운전자금,0,663,-1,-0.04468,0.026367,0.090688,True,
"가죽, 가방 및 신발 제조업",운전자금,1,624,-1,-0.081226,0.060501,0.179957,True,
"가죽, 가방 및 신발 제조업",운전자금,2,597,-1,-0.135252,0.074832,0.07126,True,
"가죽, 가방 및 신발 제조업",운전자금,3,567,-1,-0.099935,0.143708,0.487118,True,
"가죽, 가방 및 신발 제조업",운전자금,4,543,-1,-0.093483,0.146496,0.523692,True,
"가죽, 가방 및 신발 제조업",운전자금,5,522,-1,-0.133527,0.171997,0.437945,True,
"가죽, 가방 및 신발 제조업",운전자금,6,499,-1,-0.158248,0.214167,0.460357,True,
개인 및 소비용품 수리업,요구불,0,1664,-1,0.110365,0.04658,0.017941,True,
개인 및 소비용품 수리업,요구불,1,1557,-1,0.345874,0.084778,4.8e-05,True,
개인 및 소비용품 수리업,요구불,2,1495,-1,0.285541,0.107914,0.008236,True,
개인 및 소비용품 수리업,요구불,3,1437,-1,0.494768,0.14506,0.000667,True,
개인 및 소비용품 수리업,요구불,4,1374,-1,0.715051,0.168769,2.4e-05,True,
개인 및 소비용품 수리업,요구불,5,1311,-1,0.873673,0.210327,3.5e-05,True,
개인 및 소비용품 수리업,요구불,6,1250,-1,1.006696,0.247888,5.2e-05,True,
개인 및 소비용품 수리업,할인어음,0,1664,-1,-0.002161,0.002274,0.342139,True,
개인 및 소비용품 수리업,할인어음,1,1557,-1,0.003341,0.003519,0.342599,True,
개인 및 소비용품 수리업,할인어음,2,1495,-1,-0.005424,0.005645,0.336736,True,
개인 및 소비용품 수리업,할인어음,3,1437,-1,0.002082,0.002196,0.343232,True,
개인 및 소비용품 수리업,할인어음,4,1374,-1,0.002769,0.002894,0.338932,True,
개인 및 소비용품 수리업,할인어음,5,1311,-1,-0.004919,0.005199,0.344228,True,
개인 및 소비용품 수리업,할인어음,6,1250,-1,-0.013057,0.013395,0.329877,True,
개인 및 소비용품 수리업,운전자금,0,1664,-1,-0.045366,0.016399,0.005736,True,
개인 및 소비용품 수리업,운전자금,1,1557,-1,-0.08176,0.035971,0.023174,True,
개인 및 소비용품 수리업,운전자금,2,1495,-1,-0.03122,0.039207,0.426006,True,
개인 및 소비용품 수리업,운전자금,3,1437,-1,0.027113,0.050518,0.591568,True,
개인 및 소비용품 수리업,운전자금,4,1374,-1,0.048211,0.068323,0.480547,True,
개인 및 소비용품 수리업,운전자금,5,1311,-1,0.144058,0.080749,0.074667,True,
개인 및 소비용품 수리업,운전자금,6,1250,-1,0.221064,0.104314,0.034285,True,
"건축기술, 엔지니어링 및 기타 과학기술 서비스업",요구불,0,3505,-1,-0.250232,0.049179,0.0,True,
"건축기술, 엔지니어링 및 기타 과학기술 서비스업",요구불,1,3286,-1,0.264334,0.065024,4.9e-05,True,
"건축기술, 엔지니어링 및 기타 과학기술 서비스업",요구불,2,3148,-1,0.8897,0.08884,0.0,True,
"건축기술, 엔지니어링 및 기타 과학기술 서비스업",요구불,3,3005,-1,0.50761,0.113334,8e-06,True,
"건축기술, 엔지니어링 및 기타 과학기술 서비스업",요구불,4,2861,-1,1.282179,0.114298,0.0,True,
"건축기술, 엔지니어링 및 기타 과학기술 서비스업",요구불,5,2736,-1,0.757857,0.119565,0.0,True,
"건축기술, 엔지니어링 및 기타 과학기술 서비스업",요구불,6,2606,-1,-0.119338,0.129736,0.357741,True,
"건축기술, 엔지니어링 및 기타 과학기술 서비스업",할인어음,0,3505,-1,-2e-05,0.000116,0.860306,True,
"건축기술, 엔지니어링 및 기타 과학기술 서비스업",할인어음,1,3286,-1,-6.5e-05,0.000132,0.621322,True,
"건축기술, 엔지니어링 및 기타 과학기술 서비스업",할인어음,2,3148,-1,-2.3e-05,4e-05,0.56427,True,
"건축기술, 엔지니어링 및 기타 과학기술 서비스업",할인어음,3,3005,-1,-4e-06,2.5e-05,0.870142,True,
"건축기술, 엔지니어링 및 기타 과학기술 서비스업",할인어음,4,2861,-1,,,,True,ZeroDivisionError: float division by zero
"건축기술, 엔지니어링 및 기타 과학기술 서비스업",할인어음,5,2736,-1,,,,True,종속변수(y_h)가 이 표본에서 전혀 변하지 않음(상수) - 회귀 불가
"건축기술, 엔지니어링 및 기타 과학기술 서비스업",할인어음,6,2606,-1,,,,True,종속변수(y_h)가 이 표본에서 전혀 변하지 않음(상수) - 회귀 불가
"건축기술, 엔지니어링 및 기타 과학기술 서비스업",운전자금,0,3505,-1,-0.040831,0.030613,0.182365,True,
"건축기술, 엔지니어링 및 기타 과학기술 서비스업",운전자금,1,3286,-1,-0.057572,0.048339,0.233738,True,
"건축기술, 엔지니어링 및 기타 과학기술 서비스업",운전자금,2,3148,-1,-0.195032,0.070902,0.005983,True,
"건축기술, 엔지니어링 및 기타 과학기술 서비스업",운전자금,3,3005,-1,-0.276766,0.083473,0.000926,True,
"건축기술, 엔지니어링 및 기타 과학기술 서비스업",운전자금,4,2861,-1,-0.318555,0.076272,3.1e-05,True,
"건축기술, 엔지니어링 및 기타 과학기술 서비스업",운전자금,5,2736,-1,-0.340717,0.073367,4e-06,True,
"건축기술, 엔지니어링 및 기타 과학기술 서비스업",운전자금,6,2606,-1,-0.310289,0.099457,0.001831,True,
고무 및 플라스틱제품 제조업,요구불,0,5242,36,0.018983,0.086381,0.826069,True,
고무 및 플라스틱제품 제조업,요구불,1,4852,35,-0.007401,0.104458,0.943521,True,
고무 및 플라스틱제품 제조업,요구불,2,4672,35,-0.041517,0.138743,0.764775,True,
고무 및 플라스틱제품 제조업,요구불,3,4474,35,0.080988,0.174251,0.642116,True,
고무 및 플라스틱제품 제조업,요구불,4,4256,35,-0.047304,0.190508,0.803913,True,
고무 및 플라스틱제품 제조업,요구불,5,4082,35,-0.015306,0.186404,0.934561,True,
고무 및 플라스틱제품 제조업,요구불,6,3893,35,-0.076776,0.186553,0.680693,True,
고무 및 플라스틱제품 제조업,할인어음,0,5242,36,0.035486,0.023407,0.129579,True,
고무 및 플라스틱제품 제조업,할인어음,1,4852,35,0.076632,0.062837,0.222701,True,
고무 및 플라스틱제품 제조업,할인어음,2,4672,35,0.078555,0.074234,0.290018,True,
고무 및 플라스틱제품 제조업,할인어음,3,4474,35,0.025697,0.083284,0.75768,True,
고무 및 플라스틱제품 제조업,할인어음,4,4256,35,0.011777,0.084493,0.889151,True,
고무 및 플라스틱제품 제조업,할인어음,5,4082,35,0.053774,0.094393,0.56893,True,
고무 및 플라스틱제품 제조업,할인어음,6,3893,35,0.026533,0.092924,0.775249,True,
고무 및 플라스틱제품 제조업,운전자금,0,5242,36,-0.007276,0.042968,0.865531,True,
고무 및 플라스틱제품 제조업,운전자금,1,4852,35,0.013519,0.080833,0.867182,True,
고무 및 플라스틱제품 제조업,운전자금,2,4672,35,-0.019317,0.11437,0.865883,True,
고무 및 플라스틱제품 제조업,운전자금,3,4474,35,-0.101374,0.111767,0.364453,True,
고무 및 플라스틱제품 제조업,운전자금,4,4256,35,-0.100297,0.111078,0.366608,True,
고무 및 플라스틱제품 제조업,운전자금,5,4082,35,-0.098565,0.129775,0.447595,True,
고무 및 플라스틱제품 제조업,운전자금,6,3893,35,-0.152654,0.132742,0.250216,True,
교육 서비스업,요구불,0,4270,-1,0.690521,0.074528,0.0,True,
교육 서비스업,요구불,1,3916,-1,1.193182,0.09236,0.0,True,
교육 서비스업,요구불,2,3746,-1,0.935381,0.117574,0.0,True,
교육 서비스업,요구불,3,3577,0,,,,True,"down×exposed 상호작용에 변동이 없음(처치법인이 하락국면에 걸린 적이 없거나, 노출법인이 아예 없음)"
교육 서비스업,요구불,4,3396,0,,,,True,"down×exposed 상호작용에 변동이 없음(처치법인이 하락국면에 걸린 적이 없거나, 노출법인이 아예 없음)"
교육 서비스업,요구불,5,3239,0,,,,True,"down×exposed 상호작용에 변동이 없음(처치법인이 하락국면에 걸린 적이 없거나, 노출법인이 아예 없음)"
교육 서비스업,요구불,6,3077,0,,,,True,"down×exposed 상호작용에 변동이 없음(처치법인이 하락국면에 걸린 적이 없거나, 노출법인이 아예 없음)"
교육 서비스업,할인어음,0,4270,-1,,,,True,종속변수(y_h)가 이 표본에서 전혀 변하지 않음(상수) - 회귀 불가
교육 서비스업,할인어음,1,3916,-1,,,,True,종속변수(y_h)가 이 표본에서 전혀 변하지 않음(상수) - 회귀 불가
교육 서비스업,할인어음,2,3746,-1,,,,True,종속변수(y_h)가 이 표본에서 전혀 변하지 않음(상수) - 회귀 불가
교육 서비스업,할인어음,3,3577,0,,,,True,종속변수(y_h)가 이 표본에서 전혀 변하지 않음(상수) - 회귀 불가
교육 서비스업,할인어음,4,3396,0,,,,True,종속변수(y_h)가 이 표본에서 전혀 변하지 않음(상수) - 회귀 불가
교육 서비스업,할인어음,5,3239,0,,,,True,종속변수(y_h)가 이 표본에서 전혀 변하지 않음(상수) - 회귀 불가
교육 서비스업,할인어음,6,3077,0,,,,True,종속변수(y_h)가 이 표본에서 전혀 변하지 않음(상수) - 회귀 불가
교육 서비스업,운전자금,0,4270,-1,-0.088246,0.0351,0.011972,True,
교육 서비스업,운전자금,1,3916,-1,-0.087815,0.043045,0.041416,True,
교육 서비스업,운전자금,2,3746,-1,0.119244,0.065767,0.0699,True,
교육 서비스업,운전자금,3,3577,0,,,,True,"down×exposed 상호작용에 변동이 없음(처치법인이 하락국면에 걸린 적이 없거나, 노출법인이 아예 없음)"
교육 서비스업,운전자금,4,3396,0,,,,True,"down×exposed 상호작용에 변동이 없음(처치법인이 하락국면에 걸린 적이 없거나, 노출법인이 아예 없음)"
교육 서비스업,운전자금,5,3239,0,,,,True,"down×exposed 상호작용에 변동이 없음(처치법인이 하락국면에 걸린 적이 없거나, 노출법인이 아예 없음)"
교육 서비스업,운전자금,6,3077,0,,,,True,"down×exposed 상호작용에 변동이 없음(처치법인이 하락국면에 걸린 적이 없거나, 노출법인이 아예 없음)"
금속가공제품 제조업; 기계 및 가구 제외,요구불,0,13612,55,-0.043873,0.059723,0.462591,False,
금속가공제품 제조업; 기계 및 가구 제외,요구불,1,12681,53,-0.115484,0.084809,0.173321,False,
금속가공제품 제조업; 기계 및 가구 제외,요구불,2,12228,55,-0.066056,0.111964,0.555217,False,
금속가공제품 제조업; 기계 및 가구 제외,요구불,3,11718,53,-0.181512,0.108774,0.095203,False,
금속가공제품 제조업; 기계 및 가구 제외,요구불,4,11178,53,-0.129542,0.099446,0.192726,False,
금속가공제품 제조업; 기계 및 가구 제외,요구불,5,10721,52,-0.194296,0.098659,0.048936,False,
금속가공제품 제조업; 기계 및 가구 제외,요구불,6,10246,51,-0.238593,0.106659,0.025311,False,
금속가공제품 제조업; 기계 및 가구 제외,할인어음,0,13612,55,-0.024677,0.026164,0.345617,False,
금속가공제품 제조업; 기계 및 가구 제외,할인어음,1,12681,53,0.003211,0.041382,0.938152,False,
금속가공제품 제조업; 기계 및 가구 제외,할인어음,2,12228,55,-0.003874,0.050603,0.938973,False,
금속가공제품 제조업; 기계 및 가구 제외,할인어음,3,11718,53,0.010545,0.046973,0.822385,False,
금속가공제품 제조업; 기계 및 가구 제외,할인어음,4,11178,53,0.044341,0.056783,0.434884,False,
금속가공제품 제조업; 기계 및 가구 제외,할인어음,5,10721,52,0.030454,0.064658,0.637649,False,
금속가공제품 제조업; 기계 및 가구 제외,할인어음,6,10246,51,0.056029,0.060781,0.356644,False,
금속가공제품 제조업; 기계 및 가구 제외,운전자금,0,13612,55,0.050886,0.033346,0.127029,False,
금속가공제품 제조업; 기계 및 가구 제외,운전자금,1,12681,53,0.047395,0.031973,0.138283,False,
금속가공제품 제조업; 기계 및 가구 제외,운전자금,2,12228,55,0.071153,0.049993,0.154693,False,
금속가공제품 제조업; 기계 및 가구 제외,운전자금,3,11718,53,0.09078,0.074904,0.225559,False,
금속가공제품 제조업; 기계 및 가구 제외,운전자금,4,11178,53,0.078581,0.086901,0.365878,False,
금속가공제품 제조업; 기계 및 가구 제외,운전자금,5,10721,52,0.082398,0.111382,0.459454,False,
금속가공제품 제조업; 기계 및 가구 제외,운전자금,6,10246,51,0.009546,0.115311,0.934022,False,
금융 및 보험 관련 서비스업,요구불,0,872,0,,,,True,"down×exposed 상호작용에 변동이 없음(처치법인이 하락국면에 걸린 적이 없거나, 노출법인이 아예 없음)"
금융 및 보험 관련 서비스업,요구불,1,797,0,,,,True,"down×exposed 상호작용에 변동이 없음(처치법인이 하락국면에 걸린 적이 없거나, 노출법인이 아예 없음)"
금융 및 보험 관련 서비스업,요구불,2,768,0,,,,True,"down×exposed 상호작용에 변동이 없음(처치법인이 하락국면에 걸린 적이 없거나, 노출법인이 아예 없음)"
금융 및 보험 관련 서비스업,요구불,3,734,0,,,,True,"down×exposed 상호작용에 변동이 없음(처치법인이 하락국면에 걸린 적이 없거나, 노출법인이 아예 없음)"
금융 및 보험 관련 서비스업,요구불,4,693,0,,,,True,"down×exposed 상호작용에 변동이 없음(처치법인이 하락국면에 걸린 적이 없거나, 노출법인이 아예 없음)"
금융 및 보험 관련 서비스업,요구불,5,659,0,,,,True,"down×exposed 상호작용에 변동이 없음(처치법인이 하락국면에 걸린 적이 없거나, 노출법인이 아예 없음)"
금융 및 보험 관련 서비스업,요구불,6,625,0,,,,True,"down×exposed 상호작용에 변동이 없음(처치법인이 하락국면에 걸린 적이 없거나, 노출법인이 아예 없음)"
금융 및 보험 관련 서비스업,할인어음,0,872,0,,,,True,종속변수(y_h)가 이 표본에서 전혀 변하지 않음(상수) - 회귀 불가
금융 및 보험 관련 서비스업,할인어음,1,797,0,,,,True,종속변수(y_h)가 이 표본에서 전혀 변하지 않음(상수) - 회귀 불가
금융 및 보험 관련 서비스업,할인어음,2,768,0,,,,True,종속변수(y_h)가 이 표본에서 전혀 변하지 않음(상수) - 회귀 불가
금융 및 보험 관련 서비스업,할인어음,3,734,0,,,,True,종속변수(y_h)가 이 표본에서 전혀 변하지 않음(상수) - 회귀 불가
금융 및 보험 관련 서비스업,할인어음,4,693,0,,,,True,종속변수(y_h)가 이 표본에서 전혀 변하지 않음(상수) - 회귀 불가
금융 및 보험 관련 서비스업,할인어음,5,659,0,,,,True,종속변수(y_h)가 이 표본에서 전혀 변하지 않음(상수) - 회귀 불가
금융 및 보험 관련 서비스업,할인어음,6,625,0,,,,True,종속변수(y_h)가 이 표본에서 전혀 변하지 않음(상수) - 회귀 불가
금융 및 보험 관련 서비스업,운전자금,0,872,0,,,,True,"down×exposed 상호작용에 변동이 없음(처치법인이 하락국면에 걸린 적이 없거나, 노출법인이 아예 없음)"
금융 및 보험 관련 서비스업,운전자금,1,797,0,,,,True,"down×exposed 상호작용에 변동이 없음(처치법인이 하락국면에 걸린 적이 없거나, 노출법인이 아예 없음)"
금융 및 보험 관련 서비스업,운전자금,2,768,0,,,,True,"down×exposed 상호작용에 변동이 없음(처치법인이 하락국면에 걸린 적이 없거나, 노출법인이 아예 없음)"
금융 및 보험 관련 서비스업,운전자금,3,734,0,,,,True,"down×exposed 상호작용에 변동이 없음(처치법인이 하락국면에 걸린 적이 없거나, 노출법인이 아예 없음)"
금융 및 보험 관련 서비스업,운전자금,4,693,0,,,,True,"down×exposed 상호작용에 변동이 없음(처치법인이 하락국면에 걸린 적이 없거나, 노출법인이 아예 없음)"
금융 및 보험 관련 서비스업,운전자금,5,659,0,,,,True,"down×exposed 상호작용에 변동이 없음(처치법인이 하락국면에 걸린 적이 없거나, 노출법인이 아예 없음)"
금융 및 보험 관련 서비스업,운전자금,6,625,0,,,,True,"down×exposed 상호작용에 변동이 없음(처치법인이 하락국면에 걸린 적이 없거나, 노출법인이 아예 없음)"
금융업,요구불,0,2621,-1,-0.440658,0.10394,2.3e-05,True,
금융업,요구불,1,2427,-1,-0.256696,0.172868,0.137704,True,
금융업,요구불,2,2320,-1,-0.166005,0.268804,0.536925,True,
금융업,요구불,3,2203,-1,-0.112692,0.19883,0.570927,True,
금융업,요구불,4,2093,-1,0.031349,0.370921,0.932655,True,
금융업,요구불,5,1997,-1,0.350163,0.45039,0.436983,True,
금융업,요구불,6,1894,-1,0.258571,0.543729,0.634454,True,
금융업,할인어음,0,2621,-1,,,,True,종속변수(y_h)가 이 표본에서 전혀 변하지 않음(상수) - 회귀 불가
금융업,할인어음,1,2427,-1,,,,True,종속변수(y_h)가 이 표본에서 전혀 변하지 않음(상수) - 회귀 불가
금융업,할인어음,2,2320,-1,,,,True,종속변수(y_h)가 이 표본에서 전혀 변하지 않음(상수) - 회귀 불가
금융업,할인어음,3,2203,-1,,,,True,종속변수(y_h)가 이 표본에서 전혀 변하지 않음(상수) - 회귀 불가
금융업,할인어음,4,2093,-1,,,,True,종속변수(y_h)가 이 표본에서 전혀 변하지 않음(상수) - 회귀 불가
금융업,할인어음,5,1997,-1,,,,True,종속변수(y_h)가 이 표본에서 전혀 변하지 않음(상수) - 회귀 불가
금융업,할인어음,6,1894,-1,,,,True,종속변수(y_h)가 이 표본에서 전혀 변하지 않음(상수) - 회귀 불가
금융업,운전자금,0,2621,-1,0.093435,0.080261,0.244478,True,
금융업,운전자금,1,2427,-1,0.11017,0.09866,0.264258,True,
금융업,운전자금,2,2320,-1,-0.133154,0.137344,0.332408,True,
금융업,운전자금,3,2203,-1,0.083479,0.126016,0.507756,True,
금융업,운전자금,4,2093,-1,-0.08964,0.173885,0.606253,True,
금융업,운전자금,5,1997,-1,-0.102277,0.215669,0.63539,True,
금융업,운전자금,6,1894,-1,-0.008742,0.268684,0.974047,True,
기타 개인 서비스업,요구불,0,1811,0,,,,True,"down×exposed 상호작용에 변동이 없음(처치법인이 하락국면에 걸린 적이 없거나, 노출법인이 아예 없음)"
기타 개인 서비스업,요구불,1,1676,0,,,,True,"down×exposed 상호작용에 변동이 없음(처치법인이 하락국면에 걸린 적이 없거나, 노출법인이 아예 없음)"
기타 개인 서비스업,요구불,2,1612,0,,,,True,"down×exposed 상호작용에 변동이 없음(처치법인이 하락국면에 걸린 적이 없거나, 노출법인이 아예 없음)"
기타 개인 서비스업,요구불,3,1535,0,,,,True,"down×exposed 상호작용에 변동이 없음(처치법인이 하락국면에 걸린 적이 없거나, 노출법인이 아예 없음)"
기타 개인 서비스업,요구불,4,1449,0,,,,True,"down×exposed 상호작용에 변동이 없음(처치법인이 하락국면에 걸린 적이 없거나, 노출법인이 아예 없음)"
기타 개인 서비스업,요구불,5,1394,0,,,,True,"down×exposed 상호작용에 변동이 없음(처치법인이 하락국면에 걸린 적이 없거나, 노출법인이 아예 없음)"
기타 개인 서비스업,요구불,6,1330,0,,,,True,"down×exposed 상호작용에 변동이 없음(처치법인이 하락국면에 걸린 적이 없거나, 노출법인이 아예 없음)"
기타 개인 서비스업,할인어음,0,1811,0,,,,True,종속변수(y_h)가 이 표본에서 전혀 변하지 않음(상수) - 회귀 불가
기타 개인 서비스업,할인어음,1,1676,0,,,,True,종속변수(y_h)가 이 표본에서 전혀 변하지 않음(상수) - 회귀 불가
기타 개인 서비스업,할인어음,2,1612,0,,,,True,종속변수(y_h)가 이 표본에서 전혀 변하지 않음(상수) - 회귀 불가
기타 개인 서비스업,할인어음,3,1535,0,,,,True,종속변수(y_h)가 이 표본에서 전혀 변하지 않음(상수) - 회귀 불가
기타 개인 서비스업,할인어음,4,1449,0,,,,True,종속변수(y_h)가 이 표본에서 전혀 변하지 않음(상수) - 회귀 불가
기타 개인 서비스업,할인어음,5,1394,0,,,,True,종속변수(y_h)가 이 표본에서 전혀 변하지 않음(상수) - 회귀 불가
기타 개인 서비스업,할인어음,6,1330,0,,,,True,종속변수(y_h)가 이 표본에서 전혀 변하지 않음(상수) - 회귀 불가
기타 개인 서비스업,운전자금,0,1811,0,,,,True,"down×exposed 상호작용에 변동이 없음(처치법인이 하락국면에 걸린 적이 없거나, 노출법인이 아예 없음)"
기타 개인 서비스업,운전자금,1,1676,0,,,,True,"down×exposed 상호작용에 변동이 없음(처치법인이 하락국면에 걸린 적이 없거나, 노출법인이 아예 없음)"
기타 개인 서비스업,운전자금,2,1612,0,,,,True,"down×exposed 상호작용에 변동이 없음(처치법인이 하락국면에 걸린 적이 없거나, 노출법인이 아예 없음)"
기타 개인 서비스업,운전자금,3,1535,0,,,,True,"down×exposed 상호작용에 변동이 없음(처치법인이 하락국면에 걸린 적이 없거나, 노출법인이 아예 없음)"
기타 개인 서비스업,운전자금,4,1449,0,,,,True,"down×exposed 상호작용에 변동이 없음(처치법인이 하락국면에 걸린 적이 없거나, 노출법인이 아예 없음)"
기타 개인 서비스업,운전자금,5,1394,0,,,,True,"down×exposed 상호작용에 변동이 없음(처치법인이 하락국면에 걸린 적이 없거나, 노출법인이 아예 없음)"
기타 개인 서비스업,운전자금,6,1330,0,,,,True,"down×exposed 상호작용에 변동이 없음(처치법인이 하락국면에 걸린 적이 없거나, 노출법인이 아예 없음)"
기타 기계 및 장비 제조업,요구불,0,15146,105,-0.047862,0.052531,0.362244,False,
기타 기계 및 장비 제조업,요구불,1,13887,103,-0.100088,0.073981,0.176117,False,
기타 기계 및 장비 제조업,요구불,2,13328,101,-0.081026,0.097497,0.405957,False,
기타 기계 및 장비 제조업,요구불,3,12713,101,-0.192456,0.117356,0.101045,False,
기타 기계 및 장비 제조업,요구불,4,12078,101,-0.173695,0.130647,0.183712,False,
기타 기계 및 장비 제조업,요구불,5,11555,100,-0.227285,0.133787,0.089374,False,
기타 기계 및 장비 제조업,요구불,6,11001,98,-0.238803,0.146373,0.102822,False,
기타 기계 및 장비 제조업,할인어음,0,15146,105,-0.027303,0.022951,0.234219,False,
기타 기계 및 장비 제조업,할인어음,1,13887,103,-0.009452,0.024755,0.702601,False,
기타 기계 및 장비 제조업,할인어음,2,13328,101,0.000671,0.03621,0.985205,False,
기타 기계 및 장비 제조업,할인어음,3,12713,101,0.008339,0.048607,0.863794,False,
기타 기계 및 장비 제조업,할인어음,4,12078,101,0.019379,0.050867,0.703237,False,
기타 기계 및 장비 제조업,할인어음,5,11555,100,0.004789,0.058837,0.935127,False,
기타 기계 및 장비 제조업,할인어음,6,11001,98,-0.027058,0.067092,0.686738,False,
기타 기계 및 장비 제조업,운전자금,0,15146,105,-0.02196,0.030811,0.476028,False,
기타 기계 및 장비 제조업,운전자금,1,13887,103,-0.057522,0.053673,0.283873,False,
기타 기계 및 장비 제조업,운전자금,2,13328,101,-0.02665,0.06989,0.702979,False,
기타 기계 및 장비 제조업,운전자금,3,12713,101,-0.010705,0.093329,0.908679,False,
기타 기계 및 장비 제조업,운전자금,4,12078,101,0.023229,0.106583,0.827477,False,
기타 기계 및 장비 제조업,운전자금,5,11555,100,-0.008258,0.117161,0.943811,False,
기타 기계 및 장비 제조업,운전자금,6,11001,98,-0.022452,0.121973,0.853959,False,
기타 운송장비 제조업,요구불,0,1916,10,-0.242931,0.163719,0.138031,True,
기타 운송장비 제조업,요구불,1,1756,10,-0.246107,0.251265,0.327491,True,
기타 운송장비 제조업,요구불,2,1682,10,-0.822112,0.390715,0.035528,True,
기타 운송장비 제조업,요구불,3,1602,10,-0.927711,0.537735,0.084696,True,
기타 운송장비 제조업,요구불,4,1523,10,-0.569088,0.509753,0.264442,True,
기타 운송장비 제조업,요구불,5,1446,10,-0.794363,0.608823,0.192203,True,
기타 운송장비 제조업,요구불,6,1379,10,-0.419456,0.272737,0.124309,True,
기타 운송장비 제조업,할인어음,0,1916,10,0.015469,0.032709,0.63633,True,
기타 운송장비 제조업,할인어음,1,1756,10,-0.029059,0.051163,0.570141,True,
기타 운송장비 제조업,할인어음,2,1682,10,0.027658,0.052752,0.600144,True,
기타 운송장비 제조업,할인어음,3,1602,10,0.012167,0.073925,0.86929,True,
기타 운송장비 제조업,할인어음,4,1523,10,0.087279,0.092121,0.343581,True,
기타 운송장비 제조업,할인어음,5,1446,10,0.009962,0.129372,0.93863,True,
기타 운송장비 제조업,할인어음,6,1379,10,-0.00013,0.147916,0.999299,True,
기타 운송장비 제조업,운전자금,0,1916,10,-0.205213,0.150725,0.173525,True,
기타 운송장비 제조업,운전자금,1,1756,10,-0.290303,0.20268,0.152244,True,
기타 운송장비 제조업,운전자금,2,1682,10,-0.312516,0.230355,0.175082,True,
기타 운송장비 제조업,운전자금,3,1602,10,-0.366356,0.25793,0.155711,True,
기타 운송장비 제조업,운전자금,4,1523,10,-0.437472,0.263502,0.097092,True,
기타 운송장비 제조업,운전자금,5,1446,10,-0.474685,0.289159,0.100907,True,
기타 운송장비 제조업,운전자금,6,1379,10,-0.480686,0.316422,0.128979,True,
"기타 전문, 과학 및 기술 서비스업",요구불,0,1260,-1,-0.354856,0.06995,0.0,True,
"기타 전문, 과학 및 기술 서비스업",요구불,1,1160,-1,0.664051,0.084928,0.0,True,
"기타 전문, 과학 및 기술 서비스업",요구불,2,1112,-1,0.310351,0.147929,0.036154,True,
"기타 전문, 과학 및 기술 서비스업",요구불,3,1051,-1,-0.724861,0.192213,0.000172,True,
"기타 전문, 과학 및 기술 서비스업",요구불,4,992,-1,-1.251112,0.196899,0.0,True,
"기타 전문, 과학 및 기술 서비스업",요구불,5,950,-1,-0.299536,0.175946,0.089034,True,
"기타 전문, 과학 및 기술 서비스업",요구불,6,899,-1,-0.781385,0.203036,0.000128,True,
"기타 전문, 과학 및 기술 서비스업",할인어음,0,1260,-1,,,,True,종속변수(y_h)가 이 표본에서 전혀 변하지 않음(상수) - 회귀 불가
"기타 전문, 과학 및 기술 서비스업",할인어음,1,1160,-1,,,,True,종속변수(y_h)가 이 표본에서 전혀 변하지 않음(상수) - 회귀 불가
"기타 전문, 과학 및 기술 서비스업",할인어음,2,1112,-1,,,,True,종속변수(y_h)가 이 표본에서 전혀 변하지 않음(상수) - 회귀 불가
"기타 전문, 과학 및 기술 서비스업",할인어음,3,1051,-1,,,,True,종속변수(y_h)가 이 표본에서 전혀 변하지 않음(상수) - 회귀 불가
"기타 전문, 과학 및 기술 서비스업",할인어음,4,992,-1,,,,True,종속변수(y_h)가 이 표본에서 전혀 변하지 않음(상수) - 회귀 불가
"기타 전문, 과학 및 기술 서비스업",할인어음,5,950,-1,,,,True,종속변수(y_h)가 이 표본에서 전혀 변하지 않음(상수) - 회귀 불가
"기타 전문, 과학 및 기술 서비스업",할인어음,6,899,-1,,,,True,종속변수(y_h)가 이 표본에서 전혀 변하지 않음(상수) - 회귀 불가
"기타 전문, 과학 및 기술 서비스업",운전자금,0,1260,-1,0.053003,0.012721,3.3e-05,True,
"기타 전문, 과학 및 기술 서비스업",운전자금,1,1160,-1,0.090404,0.03351,0.007091,True,
"기타 전문, 과학 및 기술 서비스업",운전자금,2,1112,-1,0.059176,0.047583,0.213917,True,
"기타 전문, 과학 및 기술 서비스업",운전자금,3,1051,-1,0.012189,0.040117,0.761316,True,
"기타 전문, 과학 및 기술 서비스업",운전자금,4,992,-1,0.054341,0.062616,0.385716,True,
"기타 전문, 과학 및 기술 서비스업",운전자금,5,950,-1,0.033406,0.068172,0.624236,True,
"기타 전문, 과학 및 기술 서비스업",운전자금,6,899,-1,0.046965,0.080715,0.560819,True,
기타 제품 제조업,요구불,0,3513,19,0.074184,0.10729,0.489341,True,
기타 제품 제조업,요구불,1,3213,18,0.027422,0.169827,0.871735,True,
기타 제품 제조업,요구불,2,3100,18,0.305826,0.200688,0.127646,True,
기타 제품 제조업,요구불,3,2966,19,0.185815,0.177304,0.294728,True,
기타 제품 제조업,요구불,4,2804,18,0.110216,0.265048,0.677566,True,
기타 제품 제조업,요구불,5,2690,19,0.273681,0.301892,0.364731,True,
기타 제품 제조업,요구불,6,2558,18,0.227812,0.29101,0.433804,True,
기타 제품 제조업,할인어음,0,3513,19,0.002921,0.003111,0.347906,True,
기타 제품 제조업,할인어음,1,3213,18,0.015195,0.015625,0.330904,True,
기타 제품 제조업,할인어음,2,3100,18,0.018067,0.018684,0.333619,True,
기타 제품 제조업,할인어음,3,2966,19,0.001082,0.002285,0.63584,True,
기타 제품 제조업,할인어음,4,2804,18,-0.000715,0.001699,0.674146,True,
기타 제품 제조업,할인어음,5,2690,19,-0.019058,0.019644,0.332071,True,
기타 제품 제조업,할인어음,6,2558,18,-0.029406,0.03018,0.329986,True,
기타 제품 제조업,운전자금,0,3513,19,0.076649,0.04297,0.074549,True,
기타 제품 제조업,운전자금,1,3213,18,0.100296,0.068532,0.143436,True,
기타 제품 제조업,운전자금,2,3100,18,0.109495,0.080649,0.174676,True,
기타 제품 제조업,운전자금,3,2966,19,0.040416,0.080957,0.617657,True,
기타 제품 제조업,운전자금,4,2804,18,0.046202,0.084872,0.586232,True,
기타 제품 제조업,운전자금,5,2690,19,0.106073,0.120363,0.378255,True,
기타 제품 제조업,운전자금,6,2558,18,0.094329,0.103266,0.361096,True,
농업,요구불,0,1125,-1,-0.27114,0.17413,0.119751,True,
농업,요구불,1,1013,-1,0.481756,0.148248,0.001197,True,
농업,요구불,2,968,-1,0.610019,0.233732,0.009211,True,
농업,요구불,3,922,-1,0.407766,0.329212,0.215839,True,
농업,요구불,4,862,-1,0.137191,0.167462,0.412906,True,
농업,요구불,5,814,-1,0.188409,0.392766,0.631586,True,
농업,요구불,6,776,-1,-0.010834,0.138766,0.937793,True,
농업,할인어음,0,1125,-1,,,,True,종속변수(y_h)가 이 표본에서 전혀 변하지 않음(상수) - 회귀 불가
농업,할인어음,1,1013,-1,,,,True,종속변수(y_h)가 이 표본에서 전혀 변하지 않음(상수) - 회귀 불가
농업,할인어음,2,968,-1,,,,True,종속변수(y_h)가 이 표본에서 전혀 변하지 않음(상수) - 회귀 불가
농업,할인어음,3,922,-1,,,,True,종속변수(y_h)가 이 표본에서 전혀 변하지 않음(상수) - 회귀 불가
농업,할인어음,4,862,-1,,,,True,종속변수(y_h)가 이 표본에서 전혀 변하지 않음(상수) - 회귀 불가
농업,할인어음,5,814,-1,,,,True,종속변수(y_h)가 이 표본에서 전혀 변하지 않음(상수) - 회귀 불가
농업,할인어음,6,776,-1,,,,True,종속변수(y_h)가 이 표본에서 전혀 변하지 않음(상수) - 회귀 불가
농업,운전자금,0,1125,-1,-0.029082,0.024151,0.2288,True,
농업,운전자금,1,1013,-1,0.009265,0.039168,0.813055,True,
농업,운전자금,2,968,-1,-0.034254,0.033432,0.305848,True,
농업,운전자금,3,922,-1,-0.015961,0.037506,0.670531,True,
농업,운전자금,4,862,-1,0.016455,0.083489,0.843808,True,
농업,운전자금,5,814,-1,-0.024844,0.069999,0.722757,True,
농업,운전자금,6,776,-1,-0.025478,0.077141,0.741293,True,
도매 및 상품 중개업,요구불,0,48242,154,-0.062815,0.036555,0.085732,False,
도매 및 상품 중개업,요구불,1,44703,152,-0.008978,0.047043,0.848653,False,
도매 및 상품 중개업,요구불,2,43072,151,-0.044437,0.059023,0.45153,False,
도매 및 상품 중개업,요구불,3,41235,146,-0.01521,0.070295,0.828694,False,
도매 및 상품 중개업,요구불,4,39184,143,-0.09956,0.076673,0.194122,False,
도매 및 상품 중개업,요구불,5,37665,144,-0.10936,0.080358,0.17355,False,
도매 및 상품 중개업,요구불,6,35957,144,-0.08305,0.083442,0.3196,False,
도매 및 상품 중개업,할인어음,0,48242,154,-0.001904,0.007895,0.809403,False,
도매 및 상품 중개업,할인어음,1,44703,152,-0.012867,0.017801,0.469801,False,
도매 및 상품 중개업,할인어음,2,43072,151,-0.007678,0.02373,0.746264,False,
도매 및 상품 중개업,할인어음,3,41235,146,-0.000133,0.024568,0.995665,False,
도매 및 상품 중개업,할인어음,4,39184,143,0.024614,0.02904,0.396668,False,
도매 및 상품 중개업,할인어음,5,37665,144,0.025601,0.033491,0.444618,False,
도매 및 상품 중개업,할인어음,6,35957,144,0.000931,0.034926,0.978738,False,
도매 및 상품 중개업,운전자금,0,48242,154,0.027779,0.018277,0.128537,False,
도매 및 상품 중개업,운전자금,1,44703,152,0.048849,0.033489,0.144668,False,
도매 및 상품 중개업,운전자금,2,43072,151,0.07485,0.045947,0.103312,False,
도매 및 상품 중개업,운전자금,3,41235,146,0.093395,0.056835,0.100337,False,
도매 및 상품 중개업,운전자금,4,39184,143,0.142404,0.071792,0.047312,False,
도매 및 상품 중개업,운전자금,5,37665,144,0.151616,0.083674,0.069997,False,
도매 및 상품 중개업,운전자금,6,35957,144,0.163391,0.10089,0.10535,False,
목재 및 나무제품 제조업; 가구 제외,요구불,0,2099,14,-0.152441,0.122177,0.212287,True,
목재 및 나무제품 제조업; 가구 제외,요구불,1,1957,14,-0.279666,0.15781,0.076532,True,
목재 및 나무제품 제조업; 가구 제외,요구불,2,1890,14,-0.226897,0.228478,0.320806,True,
목재 및 나무제품 제조업; 가구 제외,요구불,3,1817,14,-0.261134,0.281469,0.353667,True,
목재 및 나무제품 제조업; 가구 제외,요구불,4,1744,14,-0.332082,0.256955,0.19641,True,
목재 및 나무제품 제조업; 가구 제외,요구불,5,1675,14,-0.349092,0.278958,0.21097,True,
목재 및 나무제품 제조업; 가구 제외,요구불,6,1604,14,-0.312938,0.246896,0.205178,True,
목재 및 나무제품 제조업; 가구 제외,할인어음,0,2099,14,-0.020384,0.11855,0.863502,True,
목재 및 나무제품 제조업; 가구 제외,할인어음,1,1957,14,-0.023616,0.08592,0.78345,True,
목재 및 나무제품 제조업; 가구 제외,할인어음,2,1890,14,-0.039805,0.058762,0.498247,True,
목재 및 나무제품 제조업; 가구 제외,할인어음,3,1817,14,-0.16637,0.13543,0.219445,True,
목재 및 나무제품 제조업; 가구 제외,할인어음,4,1744,14,-0.076542,0.167657,0.648063,True,
목재 및 나무제품 제조업; 가구 제외,할인어음,5,1675,14,-0.045148,0.232551,0.846088,True,
목재 및 나무제품 제조업; 가구 제외,할인어음,6,1604,14,-0.03921,0.264944,0.882369,True,
목재 및 나무제품 제조업; 가구 제외,운전자금,0,2099,14,0.036058,0.048452,0.456842,True,
목재 및 나무제품 제조업; 가구 제외,운전자금,1,1957,14,0.07819,0.090276,0.386537,True,
목재 및 나무제품 제조업; 가구 제외,운전자금,2,1890,14,0.023288,0.16003,0.884314,True,
목재 및 나무제품 제조업; 가구 제외,운전자금,3,1817,14,-0.100843,0.232982,0.665188,True,
목재 및 나무제품 제조업; 가구 제외,운전자금,4,1744,14,-0.150992,0.237349,0.524761,True,
목재 및 나무제품 제조업; 가구 제외,운전자금,5,1675,14,-0.346532,0.346224,0.317035,True,
목재 및 나무제품 제조업; 가구 제외,운전자금,6,1604,14,-0.431068,0.380905,0.257944,True,
보건업,요구불,0,1834,0,,,,True,"down×exposed 상호작용에 변동이 없음(처치법인이 하락국면에 걸린 적이 없거나, 노출법인이 아예 없음)"
보건업,요구불,1,1724,0,,,,True,"down×exposed 상호작용에 변동이 없음(처치법인이 하락국면에 걸린 적이 없거나, 노출법인이 아예 없음)"
보건업,요구불,2,1653,0,,,,True,"down×exposed 상호작용에 변동이 없음(처치법인이 하락국면에 걸린 적이 없거나, 노출법인이 아예 없음)"
보건업,요구불,3,1582,0,,,,True,"down×exposed 상호작용에 변동이 없음(처치법인이 하락국면에 걸린 적이 없거나, 노출법인이 아예 없음)"
보건업,요구불,4,1516,0,,,,True,"down×exposed 상호작용에 변동이 없음(처치법인이 하락국면에 걸린 적이 없거나, 노출법인이 아예 없음)"
보건업,요구불,5,1447,0,,,,True,"down×exposed 상호작용에 변동이 없음(처치법인이 하락국면에 걸린 적이 없거나, 노출법인이 아예 없음)"
보건업,요구불,6,1376,0,,,,True,"down×exposed 상호작용에 변동이 없음(처치법인이 하락국면에 걸린 적이 없거나, 노출법인이 아예 없음)"
보건업,할인어음,0,1834,0,,,,True,종속변수(y_h)가 이 표본에서 전혀 변하지 않음(상수) - 회귀 불가
보건업,할인어음,1,1724,0,,,,True,종속변수(y_h)가 이 표본에서 전혀 변하지 않음(상수) - 회귀 불가
보건업,할인어음,2,1653,0,,,,True,종속변수(y_h)가 이 표본에서 전혀 변하지 않음(상수) - 회귀 불가
보건업,할인어음,3,1582,0,,,,True,종속변수(y_h)가 이 표본에서 전혀 변하지 않음(상수) - 회귀 불가
보건업,할인어음,4,1516,0,,,,True,종속변수(y_h)가 이 표본에서 전혀 변하지 않음(상수) - 회귀 불가
보건업,할인어음,5,1447,0,,,,True,종속변수(y_h)가 이 표본에서 전혀 변하지 않음(상수) - 회귀 불가
보건업,할인어음,6,1376,0,,,,True,종속변수(y_h)가 이 표본에서 전혀 변하지 않음(상수) - 회귀 불가
보건업,운전자금,0,1834,0,,,,True,"down×exposed 상호작용에 변동이 없음(처치법인이 하락국면에 걸린 적이 없거나, 노출법인이 아예 없음)"
보건업,운전자금,1,1724,0,,,,True,"down×exposed 상호작용에 변동이 없음(처치법인이 하락국면에 걸린 적이 없거나, 노출법인이 아예 없음)"
보건업,운전자금,2,1653,0,,,,True,"down×exposed 상호작용에 변동이 없음(처치법인이 하락국면에 걸린 적이 없거나, 노출법인이 아예 없음)"
보건업,운전자금,3,1582,0,,,,True,"down×exposed 상호작용에 변동이 없음(처치법인이 하락국면에 걸린 적이 없거나, 노출법인이 아예 없음)"
보건업,운전자금,4,1516,0,,,,True,"down×exposed 상호작용에 변동이 없음(처치법인이 하락국면에 걸린 적이 없거나, 노출법인이 아예 없음)"
보건업,운전자금,5,1447,0,,,,True,"down×exposed 상호작용에 변동이 없음(처치법인이 하락국면에 걸린 적이 없거나, 노출법인이 아예 없음)"
보건업,운전자금,6,1376,0,,,,True,"down×exposed 상호작용에 변동이 없음(처치법인이 하락국면에 걸린 적이 없거나, 노출법인이 아예 없음)"
부동산업,요구불,0,30531,-1,-0.170065,0.10741,0.113357,True,
부동산업,요구불,1,28121,-1,-0.369957,0.119162,0.001907,True,
부동산업,요구불,2,27062,-1,-0.658293,0.325593,0.043204,True,
부동산업,요구불,3,25894,-1,-0.635632,0.261184,0.014954,True,
부동산업,요구불,4,24642,-1,-0.555468,0.285103,0.051391,True,
부동산업,요구불,5,23619,-1,-0.652373,0.254993,0.010522,True,
부동산업,요구불,6,22528,-1,-0.317132,0.056214,0.0,True,
부동산업,할인어음,0,30531,-1,,,,True,종속변수(y_h)가 이 표본에서 전혀 변하지 않음(상수) - 회귀 불가
부동산업,할인어음,1,28121,-1,,,,True,종속변수(y_h)가 이 표본에서 전혀 변하지 않음(상수) - 회귀 불가
부동산업,할인어음,2,27062,-1,,,,True,종속변수(y_h)가 이 표본에서 전혀 변하지 않음(상수) - 회귀 불가
부동산업,할인어음,3,25894,-1,,,,True,종속변수(y_h)가 이 표본에서 전혀 변하지 않음(상수) - 회귀 불가
부동산업,할인어음,4,24642,-1,,,,True,종속변수(y_h)가 이 표본에서 전혀 변하지 않음(상수) - 회귀 불가
부동산업,할인어음,5,23619,-1,,,,True,종속변수(y_h)가 이 표본에서 전혀 변하지 않음(상수) - 회귀 불가
부동산업,할인어음,6,22528,-1,,,,True,종속변수(y_h)가 이 표본에서 전혀 변하지 않음(상수) - 회귀 불가
부동산업,운전자금,0,30531,-1,0.079366,0.077024,0.302829,True,
부동산업,운전자금,1,28121,-1,0.179256,0.155153,0.247958,True,
부동산업,운전자금,2,27062,-1,0.269622,0.227081,0.235105,True,
부동산업,운전자금,3,25894,-1,0.392984,0.311348,0.206888,True,
부동산업,운전자금,4,24642,-1,0.492446,0.385241,0.201163,True,
부동산업,운전자금,5,23619,-1,0.589447,0.460678,0.200727,True,
부동산업,운전자금,6,22528,-1,0.670024,0.530054,0.20622,True,
비금속 광물제품 제조업,요구불,0,4636,19,-0.155916,0.107812,0.148198,True,
비금속 광물제품 제조업,요구불,1,4319,19,-0.277163,0.120398,0.021382,True,
비금속 광물제품 제조업,요구불,2,4150,19,-0.236136,0.196655,0.229916,True,
비금속 광물제품 제조업,요구불,3,3972,19,-0.150405,0.14143,0.287644,True,
비금속 광물제품 제조업,요구불,4,3765,19,-0.265393,0.20191,0.188794,True,
비금속 광물제품 제조업,요구불,5,3604,19,-0.173731,0.228921,0.447959,True,
비금속 광물제품 제조업,요구불,6,3430,19,-0.044626,0.252841,0.859914,True,
비금속 광물제품 제조업,할인어음,0,4636,19,0.096068,0.077331,0.214199,True,
비금속 광물제품 제조업,할인어음,1,4319,19,0.177118,0.132469,0.181278,True,
비금속 광물제품 제조업,할인어음,2,4150,19,0.145841,0.114103,0.201273,True,
비금속 광물제품 제조업,할인어음,3,3972,19,0.277138,0.224356,0.216811,True,
비금속 광물제품 제조업,할인어음,4,3765,19,0.289383,0.273963,0.290911,True,
비금속 광물제품 제조업,할인어음,5,3604,19,0.301675,0.258523,0.243326,True,
비금속 광물제품 제조업,할인어음,6,3430,19,0.198627,0.140786,0.158389,True,
비금속 광물제품 제조업,운전자금,0,4636,19,0.019728,0.023972,0.410582,True,
비금속 광물제품 제조업,운전자금,1,4319,19,0.01218,0.033625,0.717204,True,
비금속 광물제품 제조업,운전자금,2,4150,19,-0.006221,0.04927,0.899528,True,
비금속 광물제품 제조업,운전자금,3,3972,19,-0.058061,0.079317,0.464209,True,
비금속 광물제품 제조업,운전자금,4,3765,19,-0.049761,0.089062,0.576384,True,
비금속 광물제품 제조업,운전자금,5,3604,19,-0.006398,0.10349,0.950704,True,
비금속 광물제품 제조업,운전자금,6,3430,19,0.055611,0.103975,0.592794,True,
비금속광물 광업; 연료용 제외,요구불,0,593,0,,,,True,"down×exposed 상호작용에 변동이 없음(처치법인이 하락국면에 걸린 적이 없거나, 노출법인이 아예 없음)"
비금속광물 광업; 연료용 제외,요구불,1,557,0,,,,True,"down×exposed 상호작용에 변동이 없음(처치법인이 하락국면에 걸린 적이 없거나, 노출법인이 아예 없음)"
비금속광물 광업; 연료용 제외,요구불,2,537,0,,,,True,"down×exposed 상호작용에 변동이 없음(처치법인이 하락국면에 걸린 적이 없거나, 노출법인이 아예 없음)"
비금속광물 광업; 연료용 제외,요구불,3,515,0,,,,True,"down×exposed 상호작용에 변동이 없음(처치법인이 하락국면에 걸린 적이 없거나, 노출법인이 아예 없음)"
비금속광물 광업; 연료용 제외,요구불,4,493,0,,,,True,"down×exposed 상호작용에 변동이 없음(처치법인이 하락국면에 걸린 적이 없거나, 노출법인이 아예 없음)"
비금속광물 광업; 연료용 제외,요구불,5,474,0,,,,True,"down×exposed 상호작용에 변동이 없음(처치법인이 하락국면에 걸린 적이 없거나, 노출법인이 아예 없음)"
비금속광물 광업; 연료용 제외,요구불,6,455,0,,,,True,"down×exposed 상호작용에 변동이 없음(처치법인이 하락국면에 걸린 적이 없거나, 노출법인이 아예 없음)"
비금속광물 광업; 연료용 제외,할인어음,0,593,0,,,,True,종속변수(y_h)가 이 표본에서 전혀 변하지 않음(상수) - 회귀 불가
비금속광물 광업; 연료용 제외,할인어음,1,557,0,,,,True,종속변수(y_h)가 이 표본에서 전혀 변하지 않음(상수) - 회귀 불가
비금속광물 광업; 연료용 제외,할인어음,2,537,0,,,,True,종속변수(y_h)가 이 표본에서 전혀 변하지 않음(상수) - 회귀 불가
비금속광물 광업; 연료용 제외,할인어음,3,515,0,,,,True,종속변수(y_h)가 이 표본에서 전혀 변하지 않음(상수) - 회귀 불가
비금속광물 광업; 연료용 제외,할인어음,4,493,0,,,,True,종속변수(y_h)가 이 표본에서 전혀 변하지 않음(상수) - 회귀 불가
비금속광물 광업; 연료용 제외,할인어음,5,474,0,,,,True,종속변수(y_h)가 이 표본에서 전혀 변하지 않음(상수) - 회귀 불가
비금속광물 광업; 연료용 제외,할인어음,6,455,0,,,,True,종속변수(y_h)가 이 표본에서 전혀 변하지 않음(상수) - 회귀 불가
비금속광물 광업; 연료용 제외,운전자금,0,593,0,,,,True,"down×exposed 상호작용에 변동이 없음(처치법인이 하락국면에 걸린 적이 없거나, 노출법인이 아예 없음)"
비금속광물 광업; 연료용 제외,운전자금,1,557,0,,,,True,"down×exposed 상호작용에 변동이 없음(처치법인이 하락국면에 걸린 적이 없거나, 노출법인이 아예 없음)"
비금속광물 광업; 연료용 제외,운전자금,2,537,0,,,,True,"down×exposed 상호작용에 변동이 없음(처치법인이 하락국면에 걸린 적이 없거나, 노출법인이 아예 없음)"
비금속광물 광업; 연료용 제외,운전자금,3,515,0,,,,True,"down×exposed 상호작용에 변동이 없음(처치법인이 하락국면에 걸린 적이 없거나, 노출법인이 아예 없음)"
비금속광물 광업; 연료용 제외,운전자금,4,493,0,,,,True,"down×exposed 상호작용에 변동이 없음(처치법인이 하락국면에 걸린 적이 없거나, 노출법인이 아예 없음)"
비금속광물 광업; 연료용 제외,운전자금,5,474,0,,,,True,"down×exposed 상호작용에 변동이 없음(처치법인이 하락국면에 걸린 적이 없거나, 노출법인이 아예 없음)"
비금속광물 광업; 연료용 제외,운전자금,6,455,0,,,,True,"down×exposed 상호작용에 변동이 없음(처치법인이 하락국면에 걸린 적이 없거나, 노출법인이 아예 없음)"
사업시설 관리 및 조경 서비스업,요구불,0,2347,-1,0.062914,0.041554,0.130157,True,
사업시설 관리 및 조경 서비스업,요구불,1,2196,-1,0.067558,0.070498,0.338024,True,
사업시설 관리 및 조경 서비스업,요구불,2,2108,-1,0.119255,0.11497,0.29974,True,
사업시설 관리 및 조경 서비스업,요구불,3,2007,-1,0.144168,0.131469,0.27296,True,
사업시설 관리 및 조경 서비스업,요구불,4,1901,-1,0.549459,0.14889,0.000231,True,
사업시설 관리 및 조경 서비스업,요구불,5,1816,-1,0.844237,0.151783,0.0,True,
사업시설 관리 및 조경 서비스업,요구불,6,1723,-1,0.766742,0.156017,1e-06,True,
사업시설 관리 및 조경 서비스업,할인어음,0,2347,-1,8.6e-05,0.000184,0.638752,True,
사업시설 관리 및 조경 서비스업,할인어음,1,2196,-1,0.002575,0.002775,0.353526,True,
사업시설 관리 및 조경 서비스업,할인어음,2,2108,-1,0.002693,0.002916,0.355768,True,
사업시설 관리 및 조경 서비스업,할인어음,3,2007,-1,0.002412,0.002649,0.362679,True,
사업시설 관리 및 조경 서비스업,할인어음,4,1901,-1,0.002609,0.002848,0.359679,True,
사업시설 관리 및 조경 서비스업,할인어음,5,1816,-1,0.002797,0.003043,0.358223,True,
사업시설 관리 및 조경 서비스업,할인어음,6,1723,-1,0.00299,0.00328,0.362057,True,
사업시설 관리 및 조경 서비스업,운전자금,0,2347,-1,-0.015823,0.029343,0.589769,True,
사업시설 관리 및 조경 서비스업,운전자금,1,2196,-1,-0.018974,0.046043,0.680312,True,
사업시설 관리 및 조경 서비스업,운전자금,2,2108,-1,-0.012506,0.054518,0.818583,True,
사업시설 관리 및 조경 서비스업,운전자금,3,2007,-1,-0.017931,0.071034,0.800739,True,
사업시설 관리 및 조경 서비스업,운전자금,4,1901,-1,-0.052965,0.096219,0.582069,True,
사업시설 관리 및 조경 서비스업,운전자금,5,1816,-1,-0.058083,0.090078,0.51914,True,
사업시설 관리 및 조경 서비스업,운전자금,6,1723,-1,-0.069182,0.095298,0.467976,True,
사업지원 서비스업,요구불,0,6757,-1,0.169889,0.026064,0.0,True,
사업지원 서비스업,요구불,1,6280,-1,0.347025,0.032771,0.0,True,
사업지원 서비스업,요구불,2,6048,-1,0.436904,0.048877,0.0,True,
사업지원 서비스업,요구불,3,5789,-1,0.734156,0.05622,0.0,True,
사업지원 서비스업,요구불,4,5510,-1,0.948158,0.073381,0.0,True,
사업지원 서비스업,요구불,5,5305,-1,1.17999,0.079868,0.0,True,
사업지원 서비스업,요구불,6,5071,-1,1.384671,0.094417,0.0,True,
사업지원 서비스업,할인어음,0,6757,-1,-0.002957,0.003011,0.326116,True,
사업지원 서비스업,할인어음,1,6280,-1,-0.006846,0.00698,0.326743,True,
사업지원 서비스업,할인어음,2,6048,-1,-0.008203,0.008376,0.327481,True,
사업지원 서비스업,할인어음,3,5789,-1,-0.006919,0.007082,0.328667,True,
사업지원 서비스업,할인어음,4,5510,-1,-0.007112,0.007299,0.32992,True,
사업지원 서비스업,할인어음,5,5305,-1,-0.00158,0.001726,0.360123,True,
사업지원 서비스업,할인어음,6,5071,-1,0.008787,0.009024,0.330264,True,
사업지원 서비스업,운전자금,0,6757,-1,-0.011807,0.009409,0.209577,True,
사업지원 서비스업,운전자금,1,6280,-1,-0.024653,0.016301,0.130506,True,
사업지원 서비스업,운전자금,2,6048,-1,-0.02008,0.028358,0.478917,True,
사업지원 서비스업,운전자금,3,5789,-1,-0.036671,0.034269,0.284626,True,
사업지원 서비스업,운전자금,4,5510,-1,-0.074385,0.040577,0.066832,True,
사업지원 서비스업,운전자금,5,5305,-1,-0.054613,0.046775,0.243035,True,
사업지원 서비스업,운전자금,6,5071,-1,-0.068743,0.054278,0.205396,True,
사회복지 서비스업,요구불,0,203,0,,,,True,"down×exposed 상호작용에 변동이 없음(처치법인이 하락국면에 걸린 적이 없거나, 노출법인이 아예 없음)"
사회복지 서비스업,요구불,1,153,0,,,,True,"down×exposed 상호작용에 변동이 없음(처치법인이 하락국면에 걸린 적이 없거나, 노출법인이 아예 없음)"
사회복지 서비스업,요구불,2,149,0,,,,True,"down×exposed 상호작용에 변동이 없음(처치법인이 하락국면에 걸린 적이 없거나, 노출법인이 아예 없음)"
사회복지 서비스업,요구불,3,147,0,,,,True,"down×exposed 상호작용에 변동이 없음(처치법인이 하락국면에 걸린 적이 없거나, 노출법인이 아예 없음)"
사회복지 서비스업,요구불,4,121,0,,,,True,"down×exposed 상호작용에 변동이 없음(처치법인이 하락국면에 걸린 적이 없거나, 노출법인이 아예 없음)"
사회복지 서비스업,요구불,5,105,0,,,,True,"down×exposed 상호작용에 변동이 없음(처치법인이 하락국면에 걸린 적이 없거나, 노출법인이 아예 없음)"
사회복지 서비스업,요구불,6,93,0,,,,True,"down×exposed 상호작용에 변동이 없음(처치법인이 하락국면에 걸린 적이 없거나, 노출법인이 아예 없음)"
사회복지 서비스업,할인어음,0,203,0,,,,True,종속변수(y_h)가 이 표본에서 전혀 변하지 않음(상수) - 회귀 불가
사회복지 서비스업,할인어음,1,153,0,,,,True,종속변수(y_h)가 이 표본에서 전혀 변하지 않음(상수) - 회귀 불가
사회복지 서비스업,할인어음,2,149,0,,,,True,종속변수(y_h)가 이 표본에서 전혀 변하지 않음(상수) - 회귀 불가
사회복지 서비스업,할인어음,3,147,0,,,,True,종속변수(y_h)가 이 표본에서 전혀 변하지 않음(상수) - 회귀 불가
사회복지 서비스업,할인어음,4,121,0,,,,True,종속변수(y_h)가 이 표본에서 전혀 변하지 않음(상수) - 회귀 불가
사회복지 서비스업,할인어음,5,105,0,,,,True,종속변수(y_h)가 이 표본에서 전혀 변하지 않음(상수) - 회귀 불가
사회복지 서비스업,할인어음,6,93,0,,,,True,종속변수(y_h)가 이 표본에서 전혀 변하지 않음(상수) - 회귀 불가
사회복지 서비스업,운전자금,0,203,0,,,,True,"down×exposed 상호작용에 변동이 없음(처치법인이 하락국면에 걸린 적이 없거나, 노출법인이 아예 없음)"
사회복지 서비스업,운전자금,1,153,0,,,,True,"down×exposed 상호작용에 변동이 없음(처치법인이 하락국면에 걸린 적이 없거나, 노출법인이 아예 없음)"
사회복지 서비스업,운전자금,2,149,0,,,,True,"down×exposed 상호작용에 변동이 없음(처치법인이 하락국면에 걸린 적이 없거나, 노출법인이 아예 없음)"
사회복지 서비스업,운전자금,3,147,0,,,,True,"down×exposed 상호작용에 변동이 없음(처치법인이 하락국면에 걸린 적이 없거나, 노출법인이 아예 없음)"
사회복지 서비스업,운전자금,4,121,0,,,,True,"down×exposed 상호작용에 변동이 없음(처치법인이 하락국면에 걸린 적이 없거나, 노출법인이 아예 없음)"
사회복지 서비스업,운전자금,5,105,0,,,,True,"down×exposed 상호작용에 변동이 없음(처치법인이 하락국면에 걸린 적이 없거나, 노출법인이 아예 없음)"
사회복지 서비스업,운전자금,6,93,0,,,,True,"down×exposed 상호작용에 변동이 없음(처치법인이 하락국면에 걸린 적이 없거나, 노출법인이 아예 없음)"
산업용 기계 및 장비 수리업,요구불,0,811,-1,0.529806,0.203733,0.009493,True,
산업용 기계 및 장비 수리업,요구불,1,762,-1,0.448489,0.22057,0.042399,True,
산업용 기계 및 장비 수리업,요구불,2,734,-1,0.86016,0.316634,0.006766,True,
산업용 기계 및 장비 수리업,요구불,3,705,-1,1.247231,0.330736,0.000178,True,
산업용 기계 및 장비 수리업,요구불,4,679,-1,0.76547,0.314894,0.015346,True,
산업용 기계 및 장비 수리업,요구불,5,653,-1,0.158165,0.34004,0.642006,True,
산업용 기계 및 장비 수리업,요구불,6,623,-1,0.312126,0.309923,0.314315,True,
산업용 기계 및 장비 수리업,할인어음,0,811,-1,-0.042655,0.04453,0.338421,True,
산업용 기계 및 장비 수리업,할인어음,1,762,-1,-0.027218,0.02802,0.3317,True,
산업용 기계 및 장비 수리업,할인어음,2,734,-1,-0.024822,0.027715,0.370787,True,
산업용 기계 및 장비 수리업,할인어음,3,705,-1,-0.033839,0.036299,0.351562,True,
산업용 기계 및 장비 수리업,할인어음,4,679,-1,-0.011065,0.012927,0.39232,True,
산업용 기계 및 장비 수리업,할인어음,5,653,-1,-0.009164,0.011282,0.416924,True,
산업용 기계 및 장비 수리업,할인어음,6,623,-1,0.006125,0.012507,0.624527,True,
산업용 기계 및 장비 수리업,운전자금,0,811,-1,0.005518,0.026583,0.835616,True,
산업용 기계 및 장비 수리업,운전자금,1,762,-1,-0.009654,0.057593,0.866927,True,
산업용 기계 및 장비 수리업,운전자금,2,734,-1,0.030058,0.081978,0.713991,True,
산업용 기계 및 장비 수리업,운전자금,3,705,-1,0.058324,0.100217,0.560786,True,
산업용 기계 및 장비 수리업,운전자금,4,679,-1,0.078637,0.125688,0.531775,True,
산업용 기계 및 장비 수리업,운전자금,5,653,-1,0.059738,0.164454,0.716548,True,
산업용 기계 및 장비 수리업,운전자금,6,623,-1,0.006433,0.19213,0.973301,True,
섬유제품 제조업; 의복제외,요구불,0,10445,108,-0.079954,0.04667,0.086709,False,
섬유제품 제조업; 의복제외,요구불,1,9709,107,-0.110596,0.060992,0.069821,False,
섬유제품 제조업; 의복제외,요구불,2,9360,106,-0.122419,0.071964,0.088957,False,
섬유제품 제조업; 의복제외,요구불,3,8993,106,-0.170729,0.079358,0.031475,False,
섬유제품 제조업; 의복제외,요구불,4,8604,106,-0.148245,0.086439,0.086378,False,
섬유제품 제조업; 의복제외,요구불,5,8270,104,-0.1326,0.101303,0.190588,False,
섬유제품 제조업; 의복제외,요구불,6,7923,104,-0.130426,0.103999,0.209841,False,
섬유제품 제조업; 의복제외,할인어음,0,10445,108,0.002217,0.014141,0.875434,False,
섬유제품 제조업; 의복제외,할인어음,1,9709,107,-0.010284,0.024209,0.671009,False,
섬유제품 제조업; 의복제외,할인어음,2,9360,106,-0.032403,0.025151,0.197676,False,
섬유제품 제조업; 의복제외,할인어음,3,8993,106,-0.011733,0.036363,0.746959,False,
섬유제품 제조업; 의복제외,할인어음,4,8604,106,-0.019694,0.038644,0.610323,False,
섬유제품 제조업; 의복제외,할인어음,5,8270,104,-0.001605,0.040998,0.968779,False,
섬유제품 제조업; 의복제외,할인어음,6,7923,104,-0.00823,0.053595,0.877961,False,
섬유제품 제조업; 의복제외,운전자금,0,10445,108,0.014242,0.016148,0.377814,False,
섬유제품 제조업; 의복제외,운전자금,1,9709,107,-0.006085,0.023935,0.799325,False,
섬유제품 제조업; 의복제외,운전자금,2,9360,106,0.003206,0.028344,0.909934,False,
섬유제품 제조업; 의복제외,운전자금,3,8993,106,0.019942,0.037014,0.590056,False,
섬유제품 제조업; 의복제외,운전자금,4,8604,106,0.027383,0.04816,0.569657,False,
섬유제품 제조업; 의복제외,운전자금,5,8270,104,0.028343,0.066646,0.670642,False,
섬유제품 제조업; 의복제외,운전자금,6,7923,104,0.012255,0.066218,0.85318,False,
소매업; 자동차 제외,요구불,0,11966,18,0.060372,0.107039,0.572753,True,
소매업; 자동차 제외,요구불,1,11056,18,0.036378,0.15699,0.816758,True,
소매업; 자동차 제외,요구불,2,10601,18,0.05692,0.221512,0.797214,True,
소매업; 자동차 제외,요구불,3,10136,15,0.156496,0.245531,0.523895,True,
소매업; 자동차 제외,요구불,4,9627,16,0.365815,0.258927,0.157745,True,
소매업; 자동차 제외,요구불,5,9208,16,0.319455,0.244771,0.191887,True,
소매업; 자동차 제외,요구불,6,8772,15,0.448348,0.361961,0.215505,True,
소매업; 자동차 제외,할인어음,0,11966,18,,,,True,종속변수(y_h)가 이 표본에서 전혀 변하지 않음(상수) - 회귀 불가
소매업; 자동차 제외,할인어음,1,11056,18,,,,True,종속변수(y_h)가 이 표본에서 전혀 변하지 않음(상수) - 회귀 불가
소매업; 자동차 제외,할인어음,2,10601,18,,,,True,종속변수(y_h)가 이 표본에서 전혀 변하지 않음(상수) - 회귀 불가
소매업; 자동차 제외,할인어음,3,10136,15,,,,True,종속변수(y_h)가 이 표본에서 전혀 변하지 않음(상수) - 회귀 불가
소매업; 자동차 제외,할인어음,4,9627,16,,,,True,종속변수(y_h)가 이 표본에서 전혀 변하지 않음(상수) - 회귀 불가
소매업; 자동차 제외,할인어음,5,9208,16,,,,True,종속변수(y_h)가 이 표본에서 전혀 변하지 않음(상수) - 회귀 불가
소매업; 자동차 제외,할인어음,6,8772,15,,,,True,종속변수(y_h)가 이 표본에서 전혀 변하지 않음(상수) - 회귀 불가
소매업; 자동차 제외,운전자금,0,11966,18,-0.067954,0.068621,0.32206,True,
소매업; 자동차 제외,운전자금,1,11056,18,-0.184531,0.107923,0.087324,True,
소매업; 자동차 제외,운전자금,2,10601,18,-0.324276,0.206866,0.117014,True,
소매업; 자동차 제외,운전자금,3,10136,15,-0.245214,0.20877,0.240198,True,
소매업; 자동차 제외,운전자금,4,9627,16,-0.254852,0.219446,0.245533,True,
소매업; 자동차 제외,운전자금,5,9208,16,-0.19201,0.226623,0.396869,True,
소매업; 자동차 제외,운전자금,6,8772,15,-0.138757,0.247186,0.574577,True,
수상 운송업,요구불,0,478,-1,0.380709,0.240593,0.114318,True,
수상 운송업,요구불,1,390,-1,1.656822,0.226285,0.0,True,
수상 운송업,요구불,2,384,-1,0.310163,0.158562,0.051284,True,
수상 운송업,요구불,3,377,-1,1.759887,0.310708,0.0,True,
수상 운송업,요구불,4,348,-1,-0.867097,0.526287,0.100487,True,
수상 운송업,요구불,5,343,-1,-1.144063,1.089135,0.294376,True,
수상 운송업,요구불,6,350,-1,1.2115,0.712526,0.090103,True,
수상 운송업,할인어음,0,478,-1,,,,True,종속변수(y_h)가 이 표본에서 전혀 변하지 않음(상수) - 회귀 불가
수상 운송업,할인어음,1,390,-1,,,,True,종속변수(y_h)가 이 표본에서 전혀 변하지 않음(상수) - 회귀 불가
수상 운송업,할인어음,2,384,-1,,,,True,종속변수(y_h)가 이 표본에서 전혀 변하지 않음(상수) - 회귀 불가
수상 운송업,할인어음,3,377,-1,,,,True,종속변수(y_h)가 이 표본에서 전혀 변하지 않음(상수) - 회귀 불가
수상 운송업,할인어음,4,348,-1,,,,True,종속변수(y_h)가 이 표본에서 전혀 변하지 않음(상수) - 회귀 불가
수상 운송업,할인어음,5,343,-1,,,,True,종속변수(y_h)가 이 표본에서 전혀 변하지 않음(상수) - 회귀 불가
수상 운송업,할인어음,6,350,-1,,,,True,종속변수(y_h)가 이 표본에서 전혀 변하지 않음(상수) - 회귀 불가
수상 운송업,운전자금,0,478,-1,-0.156998,0.156131,0.315209,True,
수상 운송업,운전자금,1,390,-1,-0.194228,0.182583,0.288192,True,
수상 운송업,운전자금,2,384,-1,-0.219647,0.200133,0.273209,True,
수상 운송업,운전자금,3,377,-1,-0.238512,0.204712,0.244822,True,
수상 운송업,운전자금,4,348,-1,0.068545,0.071472,0.338304,True,
수상 운송업,운전자금,5,343,-1,0.037853,0.038366,0.324621,True,
수상 운송업,운전자금,6,350,-1,0.019786,0.127073,0.876371,True,
숙박업,요구불,0,5127,-1,0.337052,0.130909,0.010062,True,
숙박업,요구불,1,4715,-1,0.071996,0.126394,0.568967,True,
숙박업,요구불,2,4510,-1,0.164226,0.206835,0.427241,True,
숙박업,요구불,3,4323,-1,0.592349,0.238385,0.013001,True,
숙박업,요구불,4,4130,-1,0.494576,0.27702,0.074284,True,
숙박업,요구불,5,3936,-1,0.535148,0.231792,0.021013,True,
숙박업,요구불,6,3749,-1,1.014051,0.190007,0.0,True,
숙박업,할인어음,0,5127,-1,,,,True,종속변수(y_h)가 이 표본에서 전혀 변하지 않음(상수) - 회귀 불가
숙박업,할인어음,1,4715,-1,,,,True,종속변수(y_h)가 이 표본에서 전혀 변하지 않음(상수) - 회귀 불가
숙박업,할인어음,2,4510,-1,,,,True,종속변수(y_h)가 이 표본에서 전혀 변하지 않음(상수) - 회귀 불가
숙박업,할인어음,3,4323,-1,,,,True,종속변수(y_h)가 이 표본에서 전혀 변하지 않음(상수) - 회귀 불가
숙박업,할인어음,4,4130,-1,,,,True,종속변수(y_h)가 이 표본에서 전혀 변하지 않음(상수) - 회귀 불가
숙박업,할인어음,5,3936,-1,,,,True,종속변수(y_h)가 이 표본에서 전혀 변하지 않음(상수) - 회귀 불가
숙박업,할인어음,6,3749,-1,,,,True,종속변수(y_h)가 이 표본에서 전혀 변하지 않음(상수) - 회귀 불가
숙박업,운전자금,0,5127,-1,0.007394,0.020268,0.715252,True,
숙박업,운전자금,1,4715,-1,0.027273,0.036858,0.459371,True,
숙박업,운전자금,2,4510,-1,-0.037591,0.044033,0.393318,True,
숙박업,운전자금,3,4323,-1,-0.121321,0.077134,0.115827,True,
숙박업,운전자금,4,4130,-1,-0.146438,0.0851,0.08537,True,
숙박업,운전자금,5,3936,-1,-0.181314,0.091638,0.047938,True,
숙박업,운전자금,6,3749,-1,-0.282301,0.127334,0.026686,True,
스포츠 및 오락관련 서비스업,요구불,0,3326,-1,-0.077878,0.197679,0.693634,True,
스포츠 및 오락관련 서비스업,요구불,1,3052,-1,-0.035279,0.280931,0.900073,True,
스포츠 및 오락관련 서비스업,요구불,2,2915,-1,-0.472094,0.29377,0.108166,True,
스포츠 및 오락관련 서비스업,요구불,3,2776,-1,-0.363523,0.428152,0.39593,True,
스포츠 및 오락관련 서비스업,요구불,4,2616,-1,-0.275923,0.365404,0.450251,True,
스포츠 및 오락관련 서비스업,요구불,5,2494,-1,-0.350725,0.307988,0.254919,True,
스포츠 및 오락관련 서비스업,요구불,6,2365,-1,0.294405,0.115872,0.011129,True,
스포츠 및 오락관련 서비스업,할인어음,0,3326,-1,,,,True,종속변수(y_h)가 이 표본에서 전혀 변하지 않음(상수) - 회귀 불가
스포츠 및 오락관련 서비스업,할인어음,1,3052,-1,,,,True,종속변수(y_h)가 이 표본에서 전혀 변하지 않음(상수) - 회귀 불가
스포츠 및 오락관련 서비스업,할인어음,2,2915,-1,,,,True,종속변수(y_h)가 이 표본에서 전혀 변하지 않음(상수) - 회귀 불가
스포츠 및 오락관련 서비스업,할인어음,3,2776,-1,,,,True,종속변수(y_h)가 이 표본에서 전혀 변하지 않음(상수) - 회귀 불가
스포츠 및 오락관련 서비스업,할인어음,4,2616,-1,,,,True,종속변수(y_h)가 이 표본에서 전혀 변하지 않음(상수) - 회귀 불가
스포츠 및 오락관련 서비스업,할인어음,5,2494,-1,,,,True,종속변수(y_h)가 이 표본에서 전혀 변하지 않음(상수) - 회귀 불가
스포츠 및 오락관련 서비스업,할인어음,6,2365,-1,,,,True,종속변수(y_h)가 이 표본에서 전혀 변하지 않음(상수) - 회귀 불가
스포츠 및 오락관련 서비스업,운전자금,0,3326,-1,-0.002723,0.039081,0.944457,True,
스포츠 및 오락관련 서비스업,운전자금,1,3052,-1,-0.017529,0.081172,0.829047,True,
스포츠 및 오락관련 서비스업,운전자금,2,2915,-1,0.072619,0.202825,0.720343,True,
스포츠 및 오락관련 서비스업,운전자금,3,2776,-1,0.101062,0.227475,0.656879,True,
스포츠 및 오락관련 서비스업,운전자금,4,2616,-1,0.093258,0.265484,0.725412,True,
스포츠 및 오락관련 서비스업,운전자금,5,2494,-1,-0.052563,0.208032,0.800549,True,
스포츠 및 오락관련 서비스업,운전자금,6,2365,-1,0.170454,0.239245,0.476252,True,
식료품 제조업,요구불,0,10294,47,0.064174,0.072708,0.377464,False,
식료품 제조업,요구불,1,9395,47,0.080052,0.081325,0.324967,False,
식료품 제조업,요구불,2,9046,47,0.111577,0.105657,0.290983,False,
식료품 제조업,요구불,3,8632,46,0.070291,0.137237,0.608533,False,
식료품 제조업,요구불,4,8182,46,-0.066593,0.165156,0.686803,False,
식료품 제조업,요구불,5,7822,46,-0.149233,0.189833,0.431817,False,
식료품 제조업,요구불,6,7435,45,-0.219086,0.204339,0.283683,False,
식료품 제조업,할인어음,0,10294,47,0.000249,0.000448,0.577798,False,
식료품 제조업,할인어음,1,9395,47,-2.9e-05,0.000553,0.95843,False,
식료품 제조업,할인어음,2,9046,47,-0.000726,0.001036,0.483243,False,
식료품 제조업,할인어음,3,8632,46,-0.000458,0.000853,0.591339,False,
식료품 제조업,할인어음,4,8182,46,-0.000269,0.000658,0.682318,False,
식료품 제조업,할인어음,5,7822,46,-0.000622,0.000886,0.483043,False,
식료품 제조업,할인어음,6,7435,45,-0.000541,0.000802,0.50006,False,
식료품 제조업,운전자금,0,10294,47,0.014598,0.03115,0.639332,False,
식료품 제조업,운전자금,1,9395,47,0.046892,0.063098,0.457409,False,
식료품 제조업,운전자금,2,9046,47,0.092566,0.080033,0.247474,False,
식료품 제조업,운전자금,3,8632,46,0.126631,0.108445,0.242965,False,
식료품 제조업,운전자금,4,8182,46,0.129624,0.136164,0.341142,False,
식료품 제조업,운전자금,5,7822,46,0.162877,0.145274,0.26225,False,
식료품 제조업,운전자금,6,7435,45,0.164518,0.139848,0.239471,False,
연구개발업,요구불,0,444,0,,,,True,"down×exposed 상호작용에 변동이 없음(처치법인이 하락국면에 걸린 적이 없거나, 노출법인이 아예 없음)"
연구개발업,요구불,1,362,0,,,,True,"down×exposed 상호작용에 변동이 없음(처치법인이 하락국면에 걸린 적이 없거나, 노출법인이 아예 없음)"
연구개발업,요구불,2,334,0,,,,True,"down×exposed 상호작용에 변동이 없음(처치법인이 하락국면에 걸린 적이 없거나, 노출법인이 아예 없음)"
연구개발업,요구불,3,337,0,,,,True,"down×exposed 상호작용에 변동이 없음(처치법인이 하락국면에 걸린 적이 없거나, 노출법인이 아예 없음)"
연구개발업,요구불,4,319,0,,,,True,"down×exposed 상호작용에 변동이 없음(처치법인이 하락국면에 걸린 적이 없거나, 노출법인이 아예 없음)"
연구개발업,요구불,5,296,0,,,,True,"down×exposed 상호작용에 변동이 없음(처치법인이 하락국면에 걸린 적이 없거나, 노출법인이 아예 없음)"
연구개발업,요구불,6,273,0,,,,True,"down×exposed 상호작용에 변동이 없음(처치법인이 하락국면에 걸린 적이 없거나, 노출법인이 아예 없음)"
연구개발업,할인어음,0,444,0,,,,True,종속변수(y_h)가 이 표본에서 전혀 변하지 않음(상수) - 회귀 불가
연구개발업,할인어음,1,362,0,,,,True,종속변수(y_h)가 이 표본에서 전혀 변하지 않음(상수) - 회귀 불가
연구개발업,할인어음,2,334,0,,,,True,종속변수(y_h)가 이 표본에서 전혀 변하지 않음(상수) - 회귀 불가
연구개발업,할인어음,3,337,0,,,,True,종속변수(y_h)가 이 표본에서 전혀 변하지 않음(상수) - 회귀 불가
연구개발업,할인어음,4,319,0,,,,True,종속변수(y_h)가 이 표본에서 전혀 변하지 않음(상수) - 회귀 불가
연구개발업,할인어음,5,296,0,,,,True,종속변수(y_h)가 이 표본에서 전혀 변하지 않음(상수) - 회귀 불가
연구개발업,할인어음,6,273,0,,,,True,종속변수(y_h)가 이 표본에서 전혀 변하지 않음(상수) - 회귀 불가
연구개발업,운전자금,0,444,0,,,,True,"down×exposed 상호작용에 변동이 없음(처치법인이 하락국면에 걸린 적이 없거나, 노출법인이 아예 없음)"
연구개발업,운전자금,1,362,0,,,,True,"down×exposed 상호작용에 변동이 없음(처치법인이 하락국면에 걸린 적이 없거나, 노출법인이 아예 없음)"
연구개발업,운전자금,2,334,0,,,,True,"down×exposed 상호작용에 변동이 없음(처치법인이 하락국면에 걸린 적이 없거나, 노출법인이 아예 없음)"
연구개발업,운전자금,3,337,0,,,,True,"down×exposed 상호작용에 변동이 없음(처치법인이 하락국면에 걸린 적이 없거나, 노출법인이 아예 없음)"
연구개발업,운전자금,4,319,0,,,,True,"down×exposed 상호작용에 변동이 없음(처치법인이 하락국면에 걸린 적이 없거나, 노출법인이 아예 없음)"
연구개발업,운전자금,5,296,0,,,,True,"down×exposed 상호작용에 변동이 없음(처치법인이 하락국면에 걸린 적이 없거나, 노출법인이 아예 없음)"
연구개발업,운전자금,6,273,0,,,,True,"down×exposed 상호작용에 변동이 없음(처치법인이 하락국면에 걸린 적이 없거나, 노출법인이 아예 없음)"
영상ㆍ오디오 기록물 제작 및 배급업,요구불,0,87,0,,,,True,"down×exposed 상호작용에 변동이 없음(처치법인이 하락국면에 걸린 적이 없거나, 노출법인이 아예 없음)"
영상ㆍ오디오 기록물 제작 및 배급업,요구불,1,38,0,,,,True,"down×exposed 상호작용에 변동이 없음(처치법인이 하락국면에 걸린 적이 없거나, 노출법인이 아예 없음)"
영상ㆍ오디오 기록물 제작 및 배급업,요구불,2,37,0,,,,True,"down×exposed 상호작용에 변동이 없음(처치법인이 하락국면에 걸린 적이 없거나, 노출법인이 아예 없음)"
영상ㆍ오디오 기록물 제작 및 배급업,요구불,3,38,0,,,,True,"down×exposed 상호작용에 변동이 없음(처치법인이 하락국면에 걸린 적이 없거나, 노출법인이 아예 없음)"
영상ㆍ오디오 기록물 제작 및 배급업,요구불,4,33,0,,,,True,"down×exposed 상호작용에 변동이 없음(처치법인이 하락국면에 걸린 적이 없거나, 노출법인이 아예 없음)"
영상ㆍ오디오 기록물 제작 및 배급업,요구불,5,33,0,,,,True,"down×exposed 상호작용에 변동이 없음(처치법인이 하락국면에 걸린 적이 없거나, 노출법인이 아예 없음)"
영상ㆍ오디오 기록물 제작 및 배급업,요구불,6,32,0,,,,True,"down×exposed 상호작용에 변동이 없음(처치법인이 하락국면에 걸린 적이 없거나, 노출법인이 아예 없음)"
영상ㆍ오디오 기록물 제작 및 배급업,할인어음,0,87,0,,,,True,종속변수(y_h)가 이 표본에서 전혀 변하지 않음(상수) - 회귀 불가
영상ㆍ오디오 기록물 제작 및 배급업,할인어음,1,38,0,,,,True,종속변수(y_h)가 이 표본에서 전혀 변하지 않음(상수) - 회귀 불가
영상ㆍ오디오 기록물 제작 및 배급업,할인어음,2,37,0,,,,True,종속변수(y_h)가 이 표본에서 전혀 변하지 않음(상수) - 회귀 불가
영상ㆍ오디오 기록물 제작 및 배급업,할인어음,3,38,0,,,,True,종속변수(y_h)가 이 표본에서 전혀 변하지 않음(상수) - 회귀 불가
영상ㆍ오디오 기록물 제작 및 배급업,할인어음,4,33,0,,,,True,종속변수(y_h)가 이 표본에서 전혀 변하지 않음(상수) - 회귀 불가
영상ㆍ오디오 기록물 제작 및 배급업,할인어음,5,33,0,,,,True,종속변수(y_h)가 이 표본에서 전혀 변하지 않음(상수) - 회귀 불가
영상ㆍ오디오 기록물 제작 및 배급업,할인어음,6,32,0,,,,True,종속변수(y_h)가 이 표본에서 전혀 변하지 않음(상수) - 회귀 불가
영상ㆍ오디오 기록물 제작 및 배급업,운전자금,0,87,0,,,,True,"down×exposed 상호작용에 변동이 없음(처치법인이 하락국면에 걸린 적이 없거나, 노출법인이 아예 없음)"
영상ㆍ오디오 기록물 제작 및 배급업,운전자금,1,38,0,,,,True,"down×exposed 상호작용에 변동이 없음(처치법인이 하락국면에 걸린 적이 없거나, 노출법인이 아예 없음)"
영상ㆍ오디오 기록물 제작 및 배급업,운전자금,2,37,0,,,,True,"down×exposed 상호작용에 변동이 없음(처치법인이 하락국면에 걸린 적이 없거나, 노출법인이 아예 없음)"
영상ㆍ오디오 기록물 제작 및 배급업,운전자금,3,38,0,,,,True,"down×exposed 상호작용에 변동이 없음(처치법인이 하락국면에 걸린 적이 없거나, 노출법인이 아예 없음)"
영상ㆍ오디오 기록물 제작 및 배급업,운전자금,4,33,0,,,,True,"down×exposed 상호작용에 변동이 없음(처치법인이 하락국면에 걸린 적이 없거나, 노출법인이 아예 없음)"
영상ㆍ오디오 기록물 제작 및 배급업,운전자금,5,33,0,,,,True,"down×exposed 상호작용에 변동이 없음(처치법인이 하락국면에 걸린 적이 없거나, 노출법인이 아예 없음)"
영상ㆍ오디오 기록물 제작 및 배급업,운전자금,6,32,0,,,,True,"down×exposed 상호작용에 변동이 없음(처치법인이 하락국면에 걸린 적이 없거나, 노출법인이 아예 없음)"
육상운송 및 파이프라인 운송업,요구불,0,6800,0,,,,True,"down×exposed 상호작용에 변동이 없음(처치법인이 하락국면에 걸린 적이 없거나, 노출법인이 아예 없음)"
육상운송 및 파이프라인 운송업,요구불,1,6375,0,,,,True,"down×exposed 상호작용에 변동이 없음(처치법인이 하락국면에 걸린 적이 없거나, 노출법인이 아예 없음)"
육상운송 및 파이프라인 운송업,요구불,2,6135,0,,,,True,"down×exposed 상호작용에 변동이 없음(처치법인이 하락국면에 걸린 적이 없거나, 노출법인이 아예 없음)"
육상운송 및 파이프라인 운송업,요구불,3,5881,0,,,,True,"down×exposed 상호작용에 변동이 없음(처치법인이 하락국면에 걸린 적이 없거나, 노출법인이 아예 없음)"
육상운송 및 파이프라인 운송업,요구불,4,5622,0,,,,True,"down×exposed 상호작용에 변동이 없음(처치법인이 하락국면에 걸린 적이 없거나, 노출법인이 아예 없음)"
육상운송 및 파이프라인 운송업,요구불,5,5402,0,,,,True,"down×exposed 상호작용에 변동이 없음(처치법인이 하락국면에 걸린 적이 없거나, 노출법인이 아예 없음)"
육상운송 및 파이프라인 운송업,요구불,6,5166,0,,,,True,"down×exposed 상호작용에 변동이 없음(처치법인이 하락국면에 걸린 적이 없거나, 노출법인이 아예 없음)"
육상운송 및 파이프라인 운송업,할인어음,0,6800,0,,,,True,"down×exposed 상호작용에 변동이 없음(처치법인이 하락국면에 걸린 적이 없거나, 노출법인이 아예 없음)"
육상운송 및 파이프라인 운송업,할인어음,1,6375,0,,,,True,"down×exposed 상호작용에 변동이 없음(처치법인이 하락국면에 걸린 적이 없거나, 노출법인이 아예 없음)"
육상운송 및 파이프라인 운송업,할인어음,2,6135,0,,,,True,"down×exposed 상호작용에 변동이 없음(처치법인이 하락국면에 걸린 적이 없거나, 노출법인이 아예 없음)"
육상운송 및 파이프라인 운송업,할인어음,3,5881,0,,,,True,"down×exposed 상호작용에 변동이 없음(처치법인이 하락국면에 걸린 적이 없거나, 노출법인이 아예 없음)"
육상운송 및 파이프라인 운송업,할인어음,4,5622,0,,,,True,"down×exposed 상호작용에 변동이 없음(처치법인이 하락국면에 걸린 적이 없거나, 노출법인이 아예 없음)"
육상운송 및 파이프라인 운송업,할인어음,5,5402,0,,,,True,"down×exposed 상호작용에 변동이 없음(처치법인이 하락국면에 걸린 적이 없거나, 노출법인이 아예 없음)"
육상운송 및 파이프라인 운송업,할인어음,6,5166,0,,,,True,"down×exposed 상호작용에 변동이 없음(처치법인이 하락국면에 걸린 적이 없거나, 노출법인이 아예 없음)"
육상운송 및 파이프라인 운송업,운전자금,0,6800,0,,,,True,"down×exposed 상호작용에 변동이 없음(처치법인이 하락국면에 걸린 적이 없거나, 노출법인이 아예 없음)"
육상운송 및 파이프라인 운송업,운전자금,1,6375,0,,,,True,"down×exposed 상호작용에 변동이 없음(처치법인이 하락국면에 걸린 적이 없거나, 노출법인이 아예 없음)"
육상운송 및 파이프라인 운송업,운전자금,2,6135,0,,,,True,"down×exposed 상호작용에 변동이 없음(처치법인이 하락국면에 걸린 적이 없거나, 노출법인이 아예 없음)"
육상운송 및 파이프라인 운송업,운전자금,3,5881,0,,,,True,"down×exposed 상호작용에 변동이 없음(처치법인이 하락국면에 걸린 적이 없거나, 노출법인이 아예 없음)"
육상운송 및 파이프라인 운송업,운전자금,4,5622,0,,,,True,"down×exposed 상호작용에 변동이 없음(처치법인이 하락국면에 걸린 적이 없거나, 노출법인이 아예 없음)"
육상운송 및 파이프라인 운송업,운전자금,5,5402,0,,,,True,"down×exposed 상호작용에 변동이 없음(처치법인이 하락국면에 걸린 적이 없거나, 노출법인이 아예 없음)"
육상운송 및 파이프라인 운송업,운전자금,6,5166,0,,,,True,"down×exposed 상호작용에 변동이 없음(처치법인이 하락국면에 걸린 적이 없거나, 노출법인이 아예 없음)"
음료 제조업,요구불,0,668,-1,-0.065314,0.148927,0.661135,True,
음료 제조업,요구불,1,616,-1,-0.071407,0.175588,0.684404,True,
음료 제조업,요구불,2,587,-1,0.029186,0.291984,0.920416,True,
음료 제조업,요구불,3,561,-1,-0.211186,0.534468,0.692913,True,
음료 제조업,요구불,4,535,-1,-0.156304,0.456933,0.732448,True,
음료 제조업,요구불,5,512,-1,-0.134053,0.518254,0.796014,True,
음료 제조업,요구불,6,489,-1,-0.390151,0.478636,0.415447,True,
음료 제조업,할인어음,0,668,-1,,,,True,종속변수(y_h)가 이 표본에서 전혀 변하지 않음(상수) - 회귀 불가
음료 제조업,할인어음,1,616,-1,,,,True,종속변수(y_h)가 이 표본에서 전혀 변하지 않음(상수) - 회귀 불가
음료 제조업,할인어음,2,587,-1,,,,True,종속변수(y_h)가 이 표본에서 전혀 변하지 않음(상수) - 회귀 불가
음료 제조업,할인어음,3,561,-1,,,,True,종속변수(y_h)가 이 표본에서 전혀 변하지 않음(상수) - 회귀 불가
음료 제조업,할인어음,4,535,-1,,,,True,종속변수(y_h)가 이 표본에서 전혀 변하지 않음(상수) - 회귀 불가
음료 제조업,할인어음,5,512,-1,,,,True,종속변수(y_h)가 이 표본에서 전혀 변하지 않음(상수) - 회귀 불가
음료 제조업,할인어음,6,489,-1,,,,True,종속변수(y_h)가 이 표본에서 전혀 변하지 않음(상수) - 회귀 불가
음료 제조업,운전자금,0,668,-1,-0.081404,0.081178,0.316366,True,
음료 제조업,운전자금,1,616,-1,-0.238142,0.148021,0.108223,True,
음료 제조업,운전자금,2,587,-1,-0.351645,0.20727,0.090375,True,
음료 제조업,운전자금,3,561,-1,-0.438796,0.302313,0.14728,True,
음료 제조업,운전자금,4,535,-1,-0.441658,0.430186,0.305101,True,
음료 제조업,운전자금,5,512,-1,-0.676071,0.41124,0.100874,True,
음료 제조업,운전자금,6,489,-1,-0.641024,0.549596,0.244114,True,
음식점 및 주점업,요구불,0,3953,0,,,,True,"down×exposed 상호작용에 변동이 없음(처치법인이 하락국면에 걸린 적이 없거나, 노출법인이 아예 없음)"
음식점 및 주점업,요구불,1,3601,0,,,,True,"down×exposed 상호작용에 변동이 없음(처치법인이 하락국면에 걸린 적이 없거나, 노출법인이 아예 없음)"
음식점 및 주점업,요구불,2,3442,0,,,,True,"down×exposed 상호작용에 변동이 없음(처치법인이 하락국면에 걸린 적이 없거나, 노출법인이 아예 없음)"
음식점 및 주점업,요구불,3,3268,0,,,,True,"down×exposed 상호작용에 변동이 없음(처치법인이 하락국면에 걸린 적이 없거나, 노출법인이 아예 없음)"
음식점 및 주점업,요구불,4,3083,0,,,,True,"down×exposed 상호작용에 변동이 없음(처치법인이 하락국면에 걸린 적이 없거나, 노출법인이 아예 없음)"
음식점 및 주점업,요구불,5,2925,0,,,,True,"down×exposed 상호작용에 변동이 없음(처치법인이 하락국면에 걸린 적이 없거나, 노출법인이 아예 없음)"
음식점 및 주점업,요구불,6,2771,0,,,,True,"down×exposed 상호작용에 변동이 없음(처치법인이 하락국면에 걸린 적이 없거나, 노출법인이 아예 없음)"
음식점 및 주점업,할인어음,0,3953,0,,,,True,종속변수(y_h)가 이 표본에서 전혀 변하지 않음(상수) - 회귀 불가
음식점 및 주점업,할인어음,1,3601,0,,,,True,종속변수(y_h)가 이 표본에서 전혀 변하지 않음(상수) - 회귀 불가
음식점 및 주점업,할인어음,2,3442,0,,,,True,종속변수(y_h)가 이 표본에서 전혀 변하지 않음(상수) - 회귀 불가
음식점 및 주점업,할인어음,3,3268,0,,,,True,종속변수(y_h)가 이 표본에서 전혀 변하지 않음(상수) - 회귀 불가
음식점 및 주점업,할인어음,4,3083,0,,,,True,종속변수(y_h)가 이 표본에서 전혀 변하지 않음(상수) - 회귀 불가
음식점 및 주점업,할인어음,5,2925,0,,,,True,종속변수(y_h)가 이 표본에서 전혀 변하지 않음(상수) - 회귀 불가
음식점 및 주점업,할인어음,6,2771,0,,,,True,종속변수(y_h)가 이 표본에서 전혀 변하지 않음(상수) - 회귀 불가
음식점 및 주점업,운전자금,0,3953,0,,,,True,"down×exposed 상호작용에 변동이 없음(처치법인이 하락국면에 걸린 적이 없거나, 노출법인이 아예 없음)"
음식점 및 주점업,운전자금,1,3601,0,,,,True,"down×exposed 상호작용에 변동이 없음(처치법인이 하락국면에 걸린 적이 없거나, 노출법인이 아예 없음)"
음식점 및 주점업,운전자금,2,3442,0,,,,True,"down×exposed 상호작용에 변동이 없음(처치법인이 하락국면에 걸린 적이 없거나, 노출법인이 아예 없음)"
음식점 및 주점업,운전자금,3,3268,0,,,,True,"down×exposed 상호작용에 변동이 없음(처치법인이 하락국면에 걸린 적이 없거나, 노출법인이 아예 없음)"
음식점 및 주점업,운전자금,4,3083,0,,,,True,"down×exposed 상호작용에 변동이 없음(처치법인이 하락국면에 걸린 적이 없거나, 노출법인이 아예 없음)"
음식점 및 주점업,운전자금,5,2925,0,,,,True,"down×exposed 상호작용에 변동이 없음(처치법인이 하락국면에 걸린 적이 없거나, 노출법인이 아예 없음)"
음식점 및 주점업,운전자금,6,2771,0,,,,True,"down×exposed 상호작용에 변동이 없음(처치법인이 하락국면에 걸린 적이 없거나, 노출법인이 아예 없음)"
"의료, 정밀, 광학기기 및 시계 제조업",요구불,0,2672,26,0.013015,0.081364,0.87292,True,
"의료, 정밀, 광학기기 및 시계 제조업",요구불,1,2404,25,0.097946,0.150485,0.515196,True,
"의료, 정밀, 광학기기 및 시계 제조업",요구불,2,2304,24,-0.269469,0.1946,0.166279,True,
"의료, 정밀, 광학기기 및 시계 제조업",요구불,3,2196,24,-0.291441,0.26799,0.276942,True,
"의료, 정밀, 광학기기 및 시계 제조업",요구불,4,2070,25,-0.210794,0.277358,0.447343,True,
"의료, 정밀, 광학기기 및 시계 제조업",요구불,5,1977,24,-0.179806,0.291983,0.538096,True,
"의료, 정밀, 광학기기 및 시계 제조업",요구불,6,1870,24,-0.056614,0.242178,0.815192,True,
"의료, 정밀, 광학기기 및 시계 제조업",할인어음,0,2672,26,0.010202,0.015579,0.512606,True,
"의료, 정밀, 광학기기 및 시계 제조업",할인어음,1,2404,25,0.045957,0.061337,0.453787,True,
"의료, 정밀, 광학기기 및 시계 제조업",할인어음,2,2304,24,0.043345,0.056868,0.446022,True,
"의료, 정밀, 광학기기 및 시계 제조업",할인어음,3,2196,24,-0.007671,0.017259,0.656757,True,
"의료, 정밀, 광학기기 및 시계 제조업",할인어음,4,2070,25,-0.046048,0.030186,0.127304,True,
"의료, 정밀, 광학기기 및 시계 제조업",할인어음,5,1977,24,-0.002864,0.055539,0.958877,True,
"의료, 정밀, 광학기기 및 시계 제조업",할인어음,6,1870,24,-0.008189,0.056505,0.884792,True,
"의료, 정밀, 광학기기 및 시계 제조업",운전자금,0,2672,26,0.031364,0.035121,0.371923,True,
"의료, 정밀, 광학기기 및 시계 제조업",운전자금,1,2404,25,-0.008334,0.0409,0.838561,True,
"의료, 정밀, 광학기기 및 시계 제조업",운전자금,2,2304,24,0.030265,0.065648,0.644833,True,
"의료, 정밀, 광학기기 및 시계 제조업",운전자금,3,2196,24,0.087105,0.093028,0.349216,True,
"의료, 정밀, 광학기기 및 시계 제조업",운전자금,4,2070,25,0.049667,0.121842,0.683591,True,
"의료, 정밀, 광학기기 및 시계 제조업",운전자금,5,1977,24,0.003684,0.137132,0.978568,True,
"의료, 정밀, 광학기기 및 시계 제조업",운전자금,6,1870,24,-0.011283,0.138181,0.93493,True,
의료용 물질 및 의약품 제조업,요구불,0,787,8,0.120301,0.169899,0.479131,True,
의료용 물질 및 의약품 제조업,요구불,1,707,6,0.044906,0.192974,0.816066,True,
의료용 물질 및 의약품 제조업,요구불,2,691,6,0.132661,0.216164,0.539635,True,
의료용 물질 및 의약품 제조업,요구불,3,659,7,0.232271,0.228988,0.310837,True,
의료용 물질 및 의약품 제조업,요구불,4,620,7,0.409834,0.497238,0.41017,True,
의료용 물질 및 의약품 제조업,요구불,5,597,7,-0.234588,0.356828,0.511191,True,
의료용 물질 및 의약품 제조업,요구불,6,567,6,-0.218255,0.385438,0.571474,True,
의료용 물질 및 의약품 제조업,할인어음,0,787,8,,,,True,종속변수(y_h)가 이 표본에서 전혀 변하지 않음(상수) - 회귀 불가
의료용 물질 및 의약품 제조업,할인어음,1,707,6,,,,True,종속변수(y_h)가 이 표본에서 전혀 변하지 않음(상수) - 회귀 불가
의료용 물질 및 의약품 제조업,할인어음,2,691,6,,,,True,종속변수(y_h)가 이 표본에서 전혀 변하지 않음(상수) - 회귀 불가
의료용 물질 및 의약품 제조업,할인어음,3,659,7,,,,True,종속변수(y_h)가 이 표본에서 전혀 변하지 않음(상수) - 회귀 불가
의료용 물질 및 의약품 제조업,할인어음,4,620,7,,,,True,종속변수(y_h)가 이 표본에서 전혀 변하지 않음(상수) - 회귀 불가
의료용 물질 및 의약품 제조업,할인어음,5,597,7,,,,True,종속변수(y_h)가 이 표본에서 전혀 변하지 않음(상수) - 회귀 불가
의료용 물질 및 의약품 제조업,할인어음,6,567,6,,,,True,종속변수(y_h)가 이 표본에서 전혀 변하지 않음(상수) - 회귀 불가
의료용 물질 및 의약품 제조업,운전자금,0,787,8,0.018222,0.022316,0.41446,True,
의료용 물질 및 의약품 제조업,운전자금,1,707,6,-0.015871,0.027104,0.558375,True,
의료용 물질 및 의약품 제조업,운전자금,2,691,6,0.087897,0.116173,0.449576,True,
의료용 물질 및 의약품 제조업,운전자금,3,659,7,0.233482,0.209997,0.266661,True,
의료용 물질 및 의약품 제조업,운전자금,4,620,7,0.453202,0.38877,0.244226,True,
의료용 물질 및 의약품 제조업,운전자금,5,597,7,0.719136,0.531241,0.176412,True,
의료용 물질 및 의약품 제조업,운전자금,6,567,6,0.812332,0.624093,0.193641,True,
"의복, 의복 액세서리 및 모피제품 제조업",요구불,0,1754,10,-0.170943,0.144187,0.235966,True,
"의복, 의복 액세서리 및 모피제품 제조업",요구불,1,1606,9,-0.345149,0.230216,0.134024,True,
"의복, 의복 액세서리 및 모피제품 제조업",요구불,2,1538,10,-0.031337,0.29475,0.915347,True,
"의복, 의복 액세서리 및 모피제품 제조업",요구불,3,1462,10,0.029168,0.309876,0.925023,True,
"의복, 의복 액세서리 및 모피제품 제조업",요구불,4,1387,9,0.279714,0.319056,0.38082,True,
"의복, 의복 액세서리 및 모피제품 제조업",요구불,5,1324,9,0.204404,0.328815,0.534296,True,
"의복, 의복 액세서리 및 모피제품 제조업",요구불,6,1253,9,0.247616,0.347055,0.475696,True,
"의복, 의복 액세서리 및 모피제품 제조업",할인어음,0,1754,10,,,,True,종속변수(y_h)가 이 표본에서 전혀 변하지 않음(상수) - 회귀 불가
"의복, 의복 액세서리 및 모피제품 제조업",할인어음,1,1606,9,,,,True,종속변수(y_h)가 이 표본에서 전혀 변하지 않음(상수) - 회귀 불가
"의복, 의복 액세서리 및 모피제품 제조업",할인어음,2,1538,10,,,,True,종속변수(y_h)가 이 표본에서 전혀 변하지 않음(상수) - 회귀 불가
"의복, 의복 액세서리 및 모피제품 제조업",할인어음,3,1462,10,,,,True,종속변수(y_h)가 이 표본에서 전혀 변하지 않음(상수) - 회귀 불가
"의복, 의복 액세서리 및 모피제품 제조업",할인어음,4,1387,9,,,,True,종속변수(y_h)가 이 표본에서 전혀 변하지 않음(상수) - 회귀 불가
"의복, 의복 액세서리 및 모피제품 제조업",할인어음,5,1324,9,,,,True,종속변수(y_h)가 이 표본에서 전혀 변하지 않음(상수) - 회귀 불가
"의복, 의복 액세서리 및 모피제품 제조업",할인어음,6,1253,9,,,,True,종속변수(y_h)가 이 표본에서 전혀 변하지 않음(상수) - 회귀 불가
"의복, 의복 액세서리 및 모피제품 제조업",운전자금,0,1754,10,-0.133209,0.114823,0.246166,True,
"의복, 의복 액세서리 및 모피제품 제조업",운전자금,1,1606,9,-0.120421,0.122248,0.324754,True,
"의복, 의복 액세서리 및 모피제품 제조업",운전자금,2,1538,10,-0.232812,0.126788,0.066533,True,
"의복, 의복 액세서리 및 모피제품 제조업",운전자금,3,1462,10,-0.035053,0.18667,0.851076,True,
"의복, 의복 액세서리 및 모피제품 제조업",운전자금,4,1387,9,-0.086515,0.17145,0.613919,True,
"의복, 의복 액세서리 및 모피제품 제조업",운전자금,5,1324,9,0.007356,0.219751,0.973303,True,
"의복, 의복 액세서리 및 모피제품 제조업",운전자금,6,1253,9,0.016724,0.171933,0.922531,True,
인쇄 및 기록매체 복제업,요구불,0,1022,0,,,,True,"down×exposed 상호작용에 변동이 없음(처치법인이 하락국면에 걸린 적이 없거나, 노출법인이 아예 없음)"
인쇄 및 기록매체 복제업,요구불,1,953,0,,,,True,"down×exposed 상호작용에 변동이 없음(처치법인이 하락국면에 걸린 적이 없거나, 노출법인이 아예 없음)"
인쇄 및 기록매체 복제업,요구불,2,910,0,,,,True,"down×exposed 상호작용에 변동이 없음(처치법인이 하락국면에 걸린 적이 없거나, 노출법인이 아예 없음)"
인쇄 및 기록매체 복제업,요구불,3,868,0,,,,True,"down×exposed 상호작용에 변동이 없음(처치법인이 하락국면에 걸린 적이 없거나, 노출법인이 아예 없음)"
인쇄 및 기록매체 복제업,요구불,4,830,0,,,,True,"down×exposed 상호작용에 변동이 없음(처치법인이 하락국면에 걸린 적이 없거나, 노출법인이 아예 없음)"
인쇄 및 기록매체 복제업,요구불,5,794,0,,,,True,"down×exposed 상호작용에 변동이 없음(처치법인이 하락국면에 걸린 적이 없거나, 노출법인이 아예 없음)"
인쇄 및 기록매체 복제업,요구불,6,754,0,,,,True,"down×exposed 상호작용에 변동이 없음(처치법인이 하락국면에 걸린 적이 없거나, 노출법인이 아예 없음)"
인쇄 및 기록매체 복제업,할인어음,0,1022,0,,,,True,종속변수(y_h)가 이 표본에서 전혀 변하지 않음(상수) - 회귀 불가
인쇄 및 기록매체 복제업,할인어음,1,953,0,,,,True,종속변수(y_h)가 이 표본에서 전혀 변하지 않음(상수) - 회귀 불가
인쇄 및 기록매체 복제업,할인어음,2,910,0,,,,True,종속변수(y_h)가 이 표본에서 전혀 변하지 않음(상수) - 회귀 불가
인쇄 및 기록매체 복제업,할인어음,3,868,0,,,,True,종속변수(y_h)가 이 표본에서 전혀 변하지 않음(상수) - 회귀 불가
인쇄 및 기록매체 복제업,할인어음,4,830,0,,,,True,종속변수(y_h)가 이 표본에서 전혀 변하지 않음(상수) - 회귀 불가
인쇄 및 기록매체 복제업,할인어음,5,794,0,,,,True,종속변수(y_h)가 이 표본에서 전혀 변하지 않음(상수) - 회귀 불가
인쇄 및 기록매체 복제업,할인어음,6,754,0,,,,True,종속변수(y_h)가 이 표본에서 전혀 변하지 않음(상수) - 회귀 불가
인쇄 및 기록매체 복제업,운전자금,0,1022,0,,,,True,"down×exposed 상호작용에 변동이 없음(처치법인이 하락국면에 걸린 적이 없거나, 노출법인이 아예 없음)"
인쇄 및 기록매체 복제업,운전자금,1,953,0,,,,True,"down×exposed 상호작용에 변동이 없음(처치법인이 하락국면에 걸린 적이 없거나, 노출법인이 아예 없음)"
인쇄 및 기록매체 복제업,운전자금,2,910,0,,,,True,"down×exposed 상호작용에 변동이 없음(처치법인이 하락국면에 걸린 적이 없거나, 노출법인이 아예 없음)"
인쇄 및 기록매체 복제업,운전자금,3,868,0,,,,True,"down×exposed 상호작용에 변동이 없음(처치법인이 하락국면에 걸린 적이 없거나, 노출법인이 아예 없음)"
인쇄 및 기록매체 복제업,운전자금,4,830,0,,,,True,"down×exposed 상호작용에 변동이 없음(처치법인이 하락국면에 걸린 적이 없거나, 노출법인이 아예 없음)"
인쇄 및 기록매체 복제업,운전자금,5,794,0,,,,True,"down×exposed 상호작용에 변동이 없음(처치법인이 하락국면에 걸린 적이 없거나, 노출법인이 아예 없음)"
인쇄 및 기록매체 복제업,운전자금,6,754,0,,,,True,"down×exposed 상호작용에 변동이 없음(처치법인이 하락국면에 걸린 적이 없거나, 노출법인이 아예 없음)"
임대업; 부동산 제외,요구불,0,2216,0,,,,True,"down×exposed 상호작용에 변동이 없음(처치법인이 하락국면에 걸린 적이 없거나, 노출법인이 아예 없음)"
임대업; 부동산 제외,요구불,1,2073,0,,,,True,"down×exposed 상호작용에 변동이 없음(처치법인이 하락국면에 걸린 적이 없거나, 노출법인이 아예 없음)"
임대업; 부동산 제외,요구불,2,1999,0,,,,True,"down×exposed 상호작용에 변동이 없음(처치법인이 하락국면에 걸린 적이 없거나, 노출법인이 아예 없음)"
임대업; 부동산 제외,요구불,3,1916,0,,,,True,"down×exposed 상호작용에 변동이 없음(처치법인이 하락국면에 걸린 적이 없거나, 노출법인이 아예 없음)"
임대업; 부동산 제외,요구불,4,1832,0,,,,True,"down×exposed 상호작용에 변동이 없음(처치법인이 하락국면에 걸린 적이 없거나, 노출법인이 아예 없음)"
임대업; 부동산 제외,요구불,5,1758,0,,,,True,"down×exposed 상호작용에 변동이 없음(처치법인이 하락국면에 걸린 적이 없거나, 노출법인이 아예 없음)"
임대업; 부동산 제외,요구불,6,1682,0,,,,True,"down×exposed 상호작용에 변동이 없음(처치법인이 하락국면에 걸린 적이 없거나, 노출법인이 아예 없음)"
임대업; 부동산 제외,할인어음,0,2216,0,,,,True,"down×exposed 상호작용에 변동이 없음(처치법인이 하락국면에 걸린 적이 없거나, 노출법인이 아예 없음)"
임대업; 부동산 제외,할인어음,1,2073,0,,,,True,"down×exposed 상호작용에 변동이 없음(처치법인이 하락국면에 걸린 적이 없거나, 노출법인이 아예 없음)"
임대업; 부동산 제외,할인어음,2,1999,0,,,,True,"down×exposed 상호작용에 변동이 없음(처치법인이 하락국면에 걸린 적이 없거나, 노출법인이 아예 없음)"
임대업; 부동산 제외,할인어음,3,1916,0,,,,True,"down×exposed 상호작용에 변동이 없음(처치법인이 하락국면에 걸린 적이 없거나, 노출법인이 아예 없음)"
임대업; 부동산 제외,할인어음,4,1832,0,,,,True,"down×exposed 상호작용에 변동이 없음(처치법인이 하락국면에 걸린 적이 없거나, 노출법인이 아예 없음)"
임대업; 부동산 제외,할인어음,5,1758,0,,,,True,"down×exposed 상호작용에 변동이 없음(처치법인이 하락국면에 걸린 적이 없거나, 노출법인이 아예 없음)"
임대업; 부동산 제외,할인어음,6,1682,0,,,,True,"down×exposed 상호작용에 변동이 없음(처치법인이 하락국면에 걸린 적이 없거나, 노출법인이 아예 없음)"
임대업; 부동산 제외,운전자금,0,2216,0,,,,True,"down×exposed 상호작용에 변동이 없음(처치법인이 하락국면에 걸린 적이 없거나, 노출법인이 아예 없음)"
임대업; 부동산 제외,운전자금,1,2073,0,,,,True,"down×exposed 상호작용에 변동이 없음(처치법인이 하락국면에 걸린 적이 없거나, 노출법인이 아예 없음)"
임대업; 부동산 제외,운전자금,2,1999,0,,,,True,"down×exposed 상호작용에 변동이 없음(처치법인이 하락국면에 걸린 적이 없거나, 노출법인이 아예 없음)"
임대업; 부동산 제외,운전자금,3,1916,0,,,,True,"down×exposed 상호작용에 변동이 없음(처치법인이 하락국면에 걸린 적이 없거나, 노출법인이 아예 없음)"
임대업; 부동산 제외,운전자금,4,1832,0,,,,True,"down×exposed 상호작용에 변동이 없음(처치법인이 하락국면에 걸린 적이 없거나, 노출법인이 아예 없음)"
임대업; 부동산 제외,운전자금,5,1758,0,,,,True,"down×exposed 상호작용에 변동이 없음(처치법인이 하락국면에 걸린 적이 없거나, 노출법인이 아예 없음)"
임대업; 부동산 제외,운전자금,6,1682,0,,,,True,"down×exposed 상호작용에 변동이 없음(처치법인이 하락국면에 걸린 적이 없거나, 노출법인이 아예 없음)"
임업,요구불,0,0,0,,,,True,y_h 유효쌍 없음(해당 h만큼의 선/후행 관측이 표본에 없음)
임업,요구불,1,0,0,,,,True,y_h 유효쌍 없음(해당 h만큼의 선/후행 관측이 표본에 없음)
임업,요구불,2,0,0,,,,True,y_h 유효쌍 없음(해당 h만큼의 선/후행 관측이 표본에 없음)
임업,요구불,3,0,0,,,,True,y_h 유효쌍 없음(해당 h만큼의 선/후행 관측이 표본에 없음)
임업,요구불,4,0,0,,,,True,y_h 유효쌍 없음(해당 h만큼의 선/후행 관측이 표본에 없음)
임업,요구불,5,0,0,,,,True,y_h 유효쌍 없음(해당 h만큼의 선/후행 관측이 표본에 없음)
임업,요구불,6,0,0,,,,True,y_h 유효쌍 없음(해당 h만큼의 선/후행 관측이 표본에 없음)
임업,할인어음,0,0,0,,,,True,y_h 유효쌍 없음(해당 h만큼의 선/후행 관측이 표본에 없음)
임업,할인어음,1,0,0,,,,True,y_h 유효쌍 없음(해당 h만큼의 선/후행 관측이 표본에 없음)
임업,할인어음,2,0,0,,,,True,y_h 유효쌍 없음(해당 h만큼의 선/후행 관측이 표본에 없음)
임업,할인어음,3,0,0,,,,True,y_h 유효쌍 없음(해당 h만큼의 선/후행 관측이 표본에 없음)
임업,할인어음,4,0,0,,,,True,y_h 유효쌍 없음(해당 h만큼의 선/후행 관측이 표본에 없음)
임업,할인어음,5,0,0,,,,True,y_h 유효쌍 없음(해당 h만큼의 선/후행 관측이 표본에 없음)
임업,할인어음,6,0,0,,,,True,y_h 유효쌍 없음(해당 h만큼의 선/후행 관측이 표본에 없음)
임업,운전자금,0,0,0,,,,True,y_h 유효쌍 없음(해당 h만큼의 선/후행 관측이 표본에 없음)
임업,운전자금,1,0,0,,,,True,y_h 유효쌍 없음(해당 h만큼의 선/후행 관측이 표본에 없음)
임업,운전자금,2,0,0,,,,True,y_h 유효쌍 없음(해당 h만큼의 선/후행 관측이 표본에 없음)
임업,운전자금,3,0,0,,,,True,y_h 유효쌍 없음(해당 h만큼의 선/후행 관측이 표본에 없음)
임업,운전자금,4,0,0,,,,True,y_h 유효쌍 없음(해당 h만큼의 선/후행 관측이 표본에 없음)
임업,운전자금,5,0,0,,,,True,y_h 유효쌍 없음(해당 h만큼의 선/후행 관측이 표본에 없음)
임업,운전자금,6,0,0,,,,True,y_h 유효쌍 없음(해당 h만큼의 선/후행 관측이 표본에 없음)
자동차 및 부품 판매업,요구불,0,3599,14,0.044807,0.068529,0.513263,True,
자동차 및 부품 판매업,요구불,1,3341,14,0.131812,0.134542,0.327308,True,
자동차 및 부품 판매업,요구불,2,3216,14,-0.151441,0.206227,0.462797,True,
자동차 및 부품 판매업,요구불,3,3080,14,-0.291093,0.247284,0.239228,True,
자동차 및 부품 판매업,요구불,4,2944,14,-0.202113,0.292347,0.489406,True,
자동차 및 부품 판매업,요구불,5,2823,14,-0.263083,0.305292,0.388907,True,
자동차 및 부품 판매업,요구불,6,2691,14,-0.50152,0.315146,0.111647,True,
자동차 및 부품 판매업,할인어음,0,3599,14,0.00329,0.003535,0.352062,True,
자동차 및 부품 판매업,할인어음,1,3341,14,-0.003025,0.003494,0.386568,True,
자동차 및 부품 판매업,할인어음,2,3216,14,-0.015151,0.015582,0.330938,True,
자동차 및 부품 판매업,할인어음,3,3080,14,-0.022176,0.022704,0.328786,True,
자동차 및 부품 판매업,할인어음,4,2944,14,-0.013312,0.013745,0.332866,True,
자동차 및 부품 판매업,할인어음,5,2823,14,-0.014185,0.014644,0.332807,True,
자동차 및 부품 판매업,할인어음,6,2691,14,-0.014795,0.01538,0.33618,True,
자동차 및 부품 판매업,운전자금,0,3599,14,-0.015213,0.046402,0.743044,True,
자동차 및 부품 판매업,운전자금,1,3341,14,-0.034849,0.071085,0.623998,True,
자동차 및 부품 판매업,운전자금,2,3216,14,-0.144654,0.125472,0.249052,True,
자동차 및 부품 판매업,운전자금,3,3080,14,-0.125797,0.217704,0.563421,True,
자동차 및 부품 판매업,운전자금,4,2944,14,-0.194665,0.335553,0.561873,True,
자동차 및 부품 판매업,운전자금,5,2823,14,-0.319957,0.408075,0.433073,True,
자동차 및 부품 판매업,운전자금,6,2691,14,-0.133295,0.362641,0.713226,True,
자동차 및 트레일러 제조업,요구불,0,11623,90,-0.059799,0.056613,0.290869,False,
자동차 및 트레일러 제조업,요구불,1,10715,89,-0.02713,0.063392,0.668682,False,
자동차 및 트레일러 제조업,요구불,2,10327,89,-0.077017,0.081463,0.344464,False,
자동차 및 트레일러 제조업,요구불,3,9887,89,-0.061,0.105028,0.561393,False,
자동차 및 트레일러 제조업,요구불,4,9428,88,-0.131361,0.10014,0.18963,False,
자동차 및 트레일러 제조업,요구불,5,9038,88,-0.204772,0.117674,0.081866,False,
자동차 및 트레일러 제조업,요구불,6,8612,88,-0.213624,0.120725,0.076846,False,
자동차 및 트레일러 제조업,할인어음,0,11623,90,-0.035839,0.035899,0.318147,False,
자동차 및 트레일러 제조업,할인어음,1,10715,89,-0.042248,0.034942,0.226656,False,
자동차 및 트레일러 제조업,할인어음,2,10327,89,-0.052078,0.056634,0.357829,False,
자동차 및 트레일러 제조업,할인어음,3,9887,89,-0.100331,0.068363,0.142242,False,
자동차 및 트레일러 제조업,할인어음,4,9428,88,-0.069731,0.057941,0.228825,False,
자동차 및 트레일러 제조업,할인어음,5,9038,88,-0.039965,0.06951,0.565337,False,
자동차 및 트레일러 제조업,할인어음,6,8612,88,-0.027632,0.086644,0.749801,False,
자동차 및 트레일러 제조업,운전자금,0,11623,90,-0.045256,0.031187,0.146773,False,
자동차 및 트레일러 제조업,운전자금,1,10715,89,-0.071428,0.041962,0.088749,False,
자동차 및 트레일러 제조업,운전자금,2,10327,89,-0.042269,0.05279,0.423324,False,
자동차 및 트레일러 제조업,운전자금,3,9887,89,-0.002781,0.054908,0.959603,False,
자동차 및 트레일러 제조업,운전자금,4,9428,88,0.060734,0.069207,0.380199,False,
자동차 및 트레일러 제조업,운전자금,5,9038,88,0.070007,0.087,0.421031,False,
자동차 및 트레일러 제조업,운전자금,6,8612,88,0.129894,0.091213,0.154461,False,
"전기, 가스, 증기 및 공기조절 공급업",요구불,0,1883,-1,-0.025415,0.0347,0.46401,True,
"전기, 가스, 증기 및 공기조절 공급업",요구불,1,1764,-1,-0.00138,0.046569,0.97637,True,
"전기, 가스, 증기 및 공기조절 공급업",요구불,2,1705,-1,0.02964,0.055572,0.593853,True,
"전기, 가스, 증기 및 공기조절 공급업",요구불,3,1637,-1,-0.012018,0.066173,0.855915,True,
"전기, 가스, 증기 및 공기조절 공급업",요구불,4,1555,-1,-0.005655,0.085242,0.94712,True,
"전기, 가스, 증기 및 공기조절 공급업",요구불,5,1499,-1,0.007557,0.101488,0.940657,True,
"전기, 가스, 증기 및 공기조절 공급업",요구불,6,1433,-1,0.02977,0.104167,0.77508,True,
"전기, 가스, 증기 및 공기조절 공급업",할인어음,0,1883,-1,,,,True,종속변수(y_h)가 이 표본에서 전혀 변하지 않음(상수) - 회귀 불가
"전기, 가스, 증기 및 공기조절 공급업",할인어음,1,1764,-1,,,,True,종속변수(y_h)가 이 표본에서 전혀 변하지 않음(상수) - 회귀 불가
"전기, 가스, 증기 및 공기조절 공급업",할인어음,2,1705,-1,,,,True,종속변수(y_h)가 이 표본에서 전혀 변하지 않음(상수) - 회귀 불가
"전기, 가스, 증기 및 공기조절 공급업",할인어음,3,1637,-1,,,,True,종속변수(y_h)가 이 표본에서 전혀 변하지 않음(상수) - 회귀 불가
"전기, 가스, 증기 및 공기조절 공급업",할인어음,4,1555,-1,,,,True,종속변수(y_h)가 이 표본에서 전혀 변하지 않음(상수) - 회귀 불가
"전기, 가스, 증기 및 공기조절 공급업",할인어음,5,1499,-1,,,,True,종속변수(y_h)가 이 표본에서 전혀 변하지 않음(상수) - 회귀 불가
"전기, 가스, 증기 및 공기조절 공급업",할인어음,6,1433,-1,,,,True,종속변수(y_h)가 이 표본에서 전혀 변하지 않음(상수) - 회귀 불가
"전기, 가스, 증기 및 공기조절 공급업",운전자금,0,1883,-1,-0.01832,0.023775,0.441053,True,
"전기, 가스, 증기 및 공기조절 공급업",운전자금,1,1764,-1,-0.072739,0.049579,0.142527,True,
"전기, 가스, 증기 및 공기조절 공급업",운전자금,2,1705,-1,-0.016852,0.109611,0.877833,True,
"전기, 가스, 증기 및 공기조절 공급업",운전자금,3,1637,-1,-0.036551,0.11801,0.756808,True,
"전기, 가스, 증기 및 공기조절 공급업",운전자금,4,1555,-1,-0.00933,0.137254,0.945814,True,
"전기, 가스, 증기 및 공기조절 공급업",운전자금,5,1499,-1,0.012677,0.118584,0.914881,True,
"전기, 가스, 증기 및 공기조절 공급업",운전자금,6,1433,-1,0.016864,0.079449,0.831937,True,
전기장비 제조업,요구불,0,4806,25,-0.055992,0.094292,0.552665,True,
전기장비 제조업,요구불,1,4406,25,-0.168575,0.108375,0.119908,True,
전기장비 제조업,요구불,2,4236,25,0.066864,0.146183,0.647408,True,
전기장비 제조업,요구불,3,4035,24,-0.022317,0.186884,0.904953,True,
전기장비 제조업,요구불,4,3822,24,-0.044419,0.188737,0.813951,True,
전기장비 제조업,요구불,5,3652,24,-0.169661,0.25902,0.512504,True,
전기장비 제조업,요구불,6,3475,24,-0.125088,0.259248,0.629479,True,
전기장비 제조업,할인어음,0,4806,25,-0.00154,0.007009,0.826166,True,
전기장비 제조업,할인어음,1,4406,25,-0.051068,0.049738,0.304604,True,
전기장비 제조업,할인어음,2,4236,25,-0.095897,0.092813,0.301561,True,
전기장비 제조업,할인어음,3,4035,24,-0.111678,0.099352,0.261059,True,
전기장비 제조업,할인어음,4,3822,24,-0.080803,0.064886,0.213102,True,
전기장비 제조업,할인어음,5,3652,24,-0.046975,0.035117,0.181102,True,
전기장비 제조업,할인어음,6,3475,24,-0.066548,0.044296,0.133108,True,
전기장비 제조업,운전자금,0,4806,25,-0.043473,0.041061,0.289782,True,
전기장비 제조업,운전자금,1,4406,25,-0.014093,0.047827,0.768263,True,
전기장비 제조업,운전자금,2,4236,25,-0.010519,0.084539,0.900986,True,
전기장비 제조업,운전자금,3,4035,24,0.10549,0.124353,0.39632,True,
전기장비 제조업,운전자금,4,3822,24,0.237856,0.179204,0.184498,True,
전기장비 제조업,운전자금,5,3652,24,0.345706,0.226502,0.127031,True,
전기장비 제조업,운전자금,6,3475,24,0.392667,0.223435,0.078942,True,
전문 서비스업,요구불,0,4707,0,,,,True,"down×exposed 상호작용에 변동이 없음(처치법인이 하락국면에 걸린 적이 없거나, 노출법인이 아예 없음)"
전문 서비스업,요구불,1,4344,0,,,,True,"down×exposed 상호작용에 변동이 없음(처치법인이 하락국면에 걸린 적이 없거나, 노출법인이 아예 없음)"
전문 서비스업,요구불,2,4169,0,,,,True,"down×exposed 상호작용에 변동이 없음(처치법인이 하락국면에 걸린 적이 없거나, 노출법인이 아예 없음)"
전문 서비스업,요구불,3,3975,0,,,,True,"down×exposed 상호작용에 변동이 없음(처치법인이 하락국면에 걸린 적이 없거나, 노출법인이 아예 없음)"
전문 서비스업,요구불,4,3766,0,,,,True,"down×exposed 상호작용에 변동이 없음(처치법인이 하락국면에 걸린 적이 없거나, 노출법인이 아예 없음)"
전문 서비스업,요구불,5,3584,0,,,,True,"down×exposed 상호작용에 변동이 없음(처치법인이 하락국면에 걸린 적이 없거나, 노출법인이 아예 없음)"
전문 서비스업,요구불,6,3400,0,,,,True,"down×exposed 상호작용에 변동이 없음(처치법인이 하락국면에 걸린 적이 없거나, 노출법인이 아예 없음)"
전문 서비스업,할인어음,0,4707,0,,,,True,종속변수(y_h)가 이 표본에서 전혀 변하지 않음(상수) - 회귀 불가
전문 서비스업,할인어음,1,4344,0,,,,True,종속변수(y_h)가 이 표본에서 전혀 변하지 않음(상수) - 회귀 불가
전문 서비스업,할인어음,2,4169,0,,,,True,종속변수(y_h)가 이 표본에서 전혀 변하지 않음(상수) - 회귀 불가
전문 서비스업,할인어음,3,3975,0,,,,True,종속변수(y_h)가 이 표본에서 전혀 변하지 않음(상수) - 회귀 불가
전문 서비스업,할인어음,4,3766,0,,,,True,종속변수(y_h)가 이 표본에서 전혀 변하지 않음(상수) - 회귀 불가
전문 서비스업,할인어음,5,3584,0,,,,True,종속변수(y_h)가 이 표본에서 전혀 변하지 않음(상수) - 회귀 불가
전문 서비스업,할인어음,6,3400,0,,,,True,종속변수(y_h)가 이 표본에서 전혀 변하지 않음(상수) - 회귀 불가
전문 서비스업,운전자금,0,4707,0,,,,True,"down×exposed 상호작용에 변동이 없음(처치법인이 하락국면에 걸린 적이 없거나, 노출법인이 아예 없음)"
전문 서비스업,운전자금,1,4344,0,,,,True,"down×exposed 상호작용에 변동이 없음(처치법인이 하락국면에 걸린 적이 없거나, 노출법인이 아예 없음)"
전문 서비스업,운전자금,2,4169,0,,,,True,"down×exposed 상호작용에 변동이 없음(처치법인이 하락국면에 걸린 적이 없거나, 노출법인이 아예 없음)"
전문 서비스업,운전자금,3,3975,0,,,,True,"down×exposed 상호작용에 변동이 없음(처치법인이 하락국면에 걸린 적이 없거나, 노출법인이 아예 없음)"
전문 서비스업,운전자금,4,3766,0,,,,True,"down×exposed 상호작용에 변동이 없음(처치법인이 하락국면에 걸린 적이 없거나, 노출법인이 아예 없음)"
전문 서비스업,운전자금,5,3584,0,,,,True,"down×exposed 상호작용에 변동이 없음(처치법인이 하락국면에 걸린 적이 없거나, 노출법인이 아예 없음)"
전문 서비스업,운전자금,6,3400,0,,,,True,"down×exposed 상호작용에 변동이 없음(처치법인이 하락국면에 걸린 적이 없거나, 노출법인이 아예 없음)"
전문직별 공사업,요구불,0,30871,24,0.056999,0.083983,0.497338,True,
전문직별 공사업,요구불,1,28913,23,0.075776,0.133074,0.569071,True,
전문직별 공사업,요구불,2,27817,24,-0.058928,0.199406,0.767601,True,
전문직별 공사업,요구불,3,26693,22,0.177565,0.247204,0.472583,True,
전문직별 공사업,요구불,4,25498,22,0.109405,0.303326,0.718339,True,
전문직별 공사업,요구불,5,24456,22,0.212734,0.241399,0.37819,True,
전문직별 공사업,요구불,6,23380,22,-0.097317,0.253936,0.70155,True,
전문직별 공사업,할인어음,0,30871,24,0.00122,0.029855,0.967405,True,
전문직별 공사업,할인어음,1,28913,23,0.030895,0.041672,0.458477,True,
전문직별 공사업,할인어음,2,27817,24,0.074645,0.058042,0.198441,True,
전문직별 공사업,할인어음,3,26693,22,0.089459,0.083243,0.282535,True,
전문직별 공사업,할인어음,4,25498,22,0.104562,0.090271,0.246748,True,
전문직별 공사업,할인어음,5,24456,22,0.120337,0.096974,0.214649,True,
전문직별 공사업,할인어음,6,23380,22,0.130728,0.102052,0.200211,True,
전문직별 공사업,운전자금,0,30871,24,-0.018659,0.055124,0.735001,True,
전문직별 공사업,운전자금,1,28913,23,0.050564,0.083061,0.54269,True,
전문직별 공사업,운전자금,2,27817,24,0.204873,0.110808,0.064483,True,
전문직별 공사업,운전자금,3,26693,22,0.181292,0.132804,0.172228,True,
전문직별 공사업,운전자금,4,25498,22,0.255984,0.167912,0.127393,True,
전문직별 공사업,운전자금,5,24456,22,0.261659,0.191215,0.171199,True,
전문직별 공사업,운전자금,6,23380,22,0.383116,0.233464,0.100811,True,
"전자부품, 컴퓨터, 영상, 음향 및 통신장비 제조업",요구불,0,5406,30,-0.096553,0.08812,0.27326,True,
"전자부품, 컴퓨터, 영상, 음향 및 통신장비 제조업",요구불,1,4917,30,-0.066274,0.096228,0.491031,True,
"전자부품, 컴퓨터, 영상, 음향 및 통신장비 제조업",요구불,2,4711,30,-0.081842,0.154573,0.596506,True,
"전자부품, 컴퓨터, 영상, 음향 및 통신장비 제조업",요구불,3,4489,29,-0.230947,0.170072,0.174558,True,
"전자부품, 컴퓨터, 영상, 음향 및 통신장비 제조업",요구불,4,4255,29,-0.218345,0.167364,0.192099,True,
"전자부품, 컴퓨터, 영상, 음향 및 통신장비 제조업",요구불,5,4073,28,-0.194168,0.205701,0.345265,True,
"전자부품, 컴퓨터, 영상, 음향 및 통신장비 제조업",요구불,6,3869,28,-0.198866,0.192716,0.302184,True,
"전자부품, 컴퓨터, 영상, 음향 및 통신장비 제조업",할인어음,0,5406,30,0.023907,0.022514,0.288349,True,
"전자부품, 컴퓨터, 영상, 음향 및 통신장비 제조업",할인어음,1,4917,30,0.055398,0.052383,0.290316,True,
"전자부품, 컴퓨터, 영상, 음향 및 통신장비 제조업",할인어음,2,4711,30,0.074881,0.081358,0.357417,True,
"전자부품, 컴퓨터, 영상, 음향 및 통신장비 제조업",할인어음,3,4489,29,0.080513,0.084345,0.339848,True,
"전자부품, 컴퓨터, 영상, 음향 및 통신장비 제조업",할인어음,4,4255,29,0.087672,0.094301,0.352581,True,
"전자부품, 컴퓨터, 영상, 음향 및 통신장비 제조업",할인어음,5,4073,28,0.091667,0.103884,0.377616,True,
"전자부품, 컴퓨터, 영상, 음향 및 통신장비 제조업",할인어음,6,3869,28,0.097986,0.111004,0.377442,True,
"전자부품, 컴퓨터, 영상, 음향 및 통신장비 제조업",운전자금,0,5406,30,-0.000303,0.03168,0.992379,True,
"전자부품, 컴퓨터, 영상, 음향 및 통신장비 제조업",운전자금,1,4917,30,0.020396,0.082048,0.803693,True,
"전자부품, 컴퓨터, 영상, 음향 및 통신장비 제조업",운전자금,2,4711,30,0.063887,0.111286,0.565942,True,
"전자부품, 컴퓨터, 영상, 음향 및 통신장비 제조업",운전자금,3,4489,29,0.06022,0.113544,0.595888,True,
"전자부품, 컴퓨터, 영상, 음향 및 통신장비 제조업",운전자금,4,4255,29,0.061213,0.111752,0.58389,True,
"전자부품, 컴퓨터, 영상, 음향 및 통신장비 제조업",운전자금,5,4073,28,0.081417,0.12067,0.499904,True,
"전자부품, 컴퓨터, 영상, 음향 및 통신장비 제조업",운전자금,6,3869,28,0.112704,0.149538,0.451087,True,
정보서비스업,요구불,0,965,-1,0.062174,0.051257,0.225468,True,
정보서비스업,요구불,1,860,-1,-0.361302,0.084495,2.1e-05,True,
정보서비스업,요구불,2,828,-1,-0.66493,0.102896,0.0,True,
정보서비스업,요구불,3,780,-1,-0.749667,0.144238,0.0,True,
정보서비스업,요구불,4,721,-1,0.094636,0.165072,0.566642,True,
정보서비스업,요구불,5,692,-1,0.334441,0.153429,0.029657,True,
정보서비스업,요구불,6,652,-1,0.444931,0.162637,0.006417,True,
정보서비스업,할인어음,0,965,-1,,,,True,종속변수(y_h)가 이 표본에서 전혀 변하지 않음(상수) - 회귀 불가
정보서비스업,할인어음,1,860,-1,,,,True,종속변수(y_h)가 이 표본에서 전혀 변하지 않음(상수) - 회귀 불가
정보서비스업,할인어음,2,828,-1,,,,True,종속변수(y_h)가 이 표본에서 전혀 변하지 않음(상수) - 회귀 불가
정보서비스업,할인어음,3,780,-1,,,,True,종속변수(y_h)가 이 표본에서 전혀 변하지 않음(상수) - 회귀 불가
정보서비스업,할인어음,4,721,-1,,,,True,종속변수(y_h)가 이 표본에서 전혀 변하지 않음(상수) - 회귀 불가
정보서비스업,할인어음,5,692,-1,,,,True,종속변수(y_h)가 이 표본에서 전혀 변하지 않음(상수) - 회귀 불가
정보서비스업,할인어음,6,652,-1,,,,True,종속변수(y_h)가 이 표본에서 전혀 변하지 않음(상수) - 회귀 불가
정보서비스업,운전자금,0,965,-1,-0.018651,0.021017,0.375097,True,
정보서비스업,운전자금,1,860,-1,-0.009804,0.028894,0.73446,True,
정보서비스업,운전자금,2,828,-1,-0.02636,0.051218,0.606938,True,
정보서비스업,운전자금,3,780,-1,-0.033215,0.053115,0.531955,True,
정보서비스업,운전자금,4,721,-1,0.000116,0.059705,0.998452,True,
정보서비스업,운전자금,5,692,-1,-0.002819,0.07085,0.968278,True,
정보서비스업,운전자금,6,652,-1,-0.007055,0.095955,0.941417,True,
종합 건설업,요구불,0,18403,7,0.027803,0.182825,0.879128,True,
종합 건설업,요구불,1,17186,7,0.152855,0.271676,0.573691,True,
종합 건설업,요구불,2,16591,7,-0.112556,0.350455,0.748086,True,
종합 건설업,요구불,3,15916,7,-0.381009,0.338105,0.259806,True,
종합 건설업,요구불,4,15175,7,-0.542169,0.357136,0.12901,True,
종합 건설업,요구불,5,14608,7,-0.25221,0.37248,0.498346,True,
종합 건설업,요구불,6,13991,7,-0.412713,0.221095,0.061969,True,
종합 건설업,할인어음,0,18403,7,0.001821,0.00333,0.584496,True,
종합 건설업,할인어음,1,17186,7,-0.001045,0.006415,0.870588,True,
종합 건설업,할인어음,2,16591,7,-0.001636,0.00936,0.861225,True,
종합 건설업,할인어음,3,15916,7,-0.004624,0.013258,0.727253,True,
종합 건설업,할인어음,4,15175,7,-0.004783,0.011374,0.674137,True,
종합 건설업,할인어음,5,14608,7,-0.001817,0.011894,0.878559,True,
종합 건설업,할인어음,6,13991,7,-0.002853,0.008788,0.745476,True,
종합 건설업,운전자금,0,18403,7,-0.164272,0.10952,0.133649,True,
종합 건설업,운전자금,1,17186,7,-0.417212,0.220358,0.058331,True,
종합 건설업,운전자금,2,16591,7,-0.425474,0.329102,0.196088,True,
종합 건설업,운전자금,3,15916,7,-0.306227,0.243366,0.208303,True,
종합 건설업,운전자금,4,15175,7,-0.19305,0.282045,0.493693,True,
종합 건설업,운전자금,5,14608,7,-0.042697,0.33167,0.89757,True,
종합 건설업,운전자금,6,13991,7,-0.230303,0.320949,0.473037,True,
창고 및 운송관련 서비스업,요구불,0,4419,-1,0.286818,0.179349,0.109848,True,
창고 및 운송관련 서비스업,요구불,1,4111,-1,-0.072028,0.353463,0.838538,True,
창고 및 운송관련 서비스업,요구불,2,3963,-1,0.148806,0.522904,0.775985,True,
창고 및 운송관련 서비스업,요구불,3,3799,-1,0.161919,0.0769,0.03531,True,
창고 및 운송관련 서비스업,요구불,4,3613,-1,0.954203,0.125177,0.0,True,
창고 및 운송관련 서비스업,요구불,5,3471,-1,0.725963,0.186691,0.000103,True,
창고 및 운송관련 서비스업,요구불,6,3312,-1,0.311459,0.387191,0.421224,True,
창고 및 운송관련 서비스업,할인어음,0,4419,-1,0.001073,0.002317,0.643452,True,
창고 및 운송관련 서비스업,할인어음,1,4111,-1,0.001097,0.002677,0.682001,True,
창고 및 운송관련 서비스업,할인어음,2,3963,-1,0.000114,0.003699,0.975317,True,
창고 및 운송관련 서비스업,할인어음,3,3799,-1,0.001505,0.004218,0.72133,True,
창고 및 운송관련 서비스업,할인어음,4,3613,-1,0.001971,0.004716,0.675972,True,
창고 및 운송관련 서비스업,할인어음,5,3471,-1,0.002351,0.005418,0.664327,True,
창고 및 운송관련 서비스업,할인어음,6,3312,-1,0.005145,0.00606,0.396005,True,
창고 및 운송관련 서비스업,운전자금,0,4419,-1,-0.077158,0.022955,0.000783,True,
창고 및 운송관련 서비스업,운전자금,1,4111,-1,-0.069657,0.108011,0.519028,True,
창고 및 운송관련 서비스업,운전자금,2,3963,-1,-0.012201,0.044661,0.784712,True,
창고 및 운송관련 서비스업,운전자금,3,3799,-1,-0.020189,0.047054,0.667902,True,
창고 및 운송관련 서비스업,운전자금,4,3613,-1,-0.072595,0.090168,0.420817,True,
창고 및 운송관련 서비스업,운전자금,5,3471,-1,-0.033993,0.05251,0.517446,True,
창고 및 운송관련 서비스업,운전자금,6,3312,-1,0.02812,0.066637,0.67306,True,
"창작, 예술 및 여가관련 서비스업",요구불,0,782,-1,0.411668,0.130874,0.001728,True,
"창작, 예술 및 여가관련 서비스업",요구불,1,713,-1,-1.082268,0.258202,3.2e-05,True,
"창작, 예술 및 여가관련 서비스업",요구불,2,676,-1,-0.995315,0.333819,0.002983,True,
"창작, 예술 및 여가관련 서비스업",요구불,3,642,-1,-0.361465,0.436827,0.408311,True,
"창작, 예술 및 여가관련 서비스업",요구불,4,604,-1,0.489419,0.485217,0.313593,True,
"창작, 예술 및 여가관련 서비스업",요구불,5,569,-1,0.799424,0.549187,0.146113,True,
"창작, 예술 및 여가관련 서비스업",요구불,6,536,-1,0.417345,0.534615,0.435401,True,
"창작, 예술 및 여가관련 서비스업",할인어음,0,782,-1,,,,True,종속변수(y_h)가 이 표본에서 전혀 변하지 않음(상수) - 회귀 불가
"창작, 예술 및 여가관련 서비스업",할인어음,1,713,-1,,,,True,종속변수(y_h)가 이 표본에서 전혀 변하지 않음(상수) - 회귀 불가
"창작, 예술 및 여가관련 서비스업",할인어음,2,676,-1,,,,True,종속변수(y_h)가 이 표본에서 전혀 변하지 않음(상수) - 회귀 불가
"창작, 예술 및 여가관련 서비스업",할인어음,3,642,-1,,,,True,종속변수(y_h)가 이 표본에서 전혀 변하지 않음(상수) - 회귀 불가
"창작, 예술 및 여가관련 서비스업",할인어음,4,604,-1,,,,True,종속변수(y_h)가 이 표본에서 전혀 변하지 않음(상수) - 회귀 불가
"창작, 예술 및 여가관련 서비스업",할인어음,5,569,-1,,,,True,종속변수(y_h)가 이 표본에서 전혀 변하지 않음(상수) - 회귀 불가
"창작, 예술 및 여가관련 서비스업",할인어음,6,536,-1,,,,True,종속변수(y_h)가 이 표본에서 전혀 변하지 않음(상수) - 회귀 불가
"창작, 예술 및 여가관련 서비스업",운전자금,0,782,-1,-0.064936,0.045552,0.154442,True,
"창작, 예술 및 여가관련 서비스업",운전자금,1,713,-1,-0.108252,0.0808,0.180804,True,
"창작, 예술 및 여가관련 서비스업",운전자금,2,676,-1,-0.136529,0.108186,0.207442,True,
"창작, 예술 및 여가관련 서비스업",운전자금,3,642,-1,-0.204229,0.190704,0.284656,True,
"창작, 예술 및 여가관련 서비스업",운전자금,4,604,-1,-0.243101,0.237703,0.306906,True,
"창작, 예술 및 여가관련 서비스업",운전자금,5,569,-1,-0.393938,0.336498,0.242274,True,
"창작, 예술 및 여가관련 서비스업",운전자금,6,536,-1,-0.518441,0.446142,0.245801,True,
출판업,요구불,0,4340,7,-0.015979,0.125454,0.898657,True,
출판업,요구불,1,3951,7,-0.344421,0.163717,0.035467,True,
출판업,요구불,2,3777,7,-0.585511,0.262385,0.025711,True,
출판업,요구불,3,3581,7,-0.296037,0.315923,0.348797,True,
출판업,요구불,4,3367,7,-0.559863,0.292903,0.056041,True,
출판업,요구불,5,3198,7,-0.476515,0.256162,0.062954,True,
출판업,요구불,6,3036,7,-0.300283,0.333423,0.367874,True,
출판업,할인어음,0,4340,7,,,,True,종속변수(y_h)가 이 표본에서 전혀 변하지 않음(상수) - 회귀 불가
출판업,할인어음,1,3951,7,,,,True,종속변수(y_h)가 이 표본에서 전혀 변하지 않음(상수) - 회귀 불가
출판업,할인어음,2,3777,7,,,,True,종속변수(y_h)가 이 표본에서 전혀 변하지 않음(상수) - 회귀 불가
출판업,할인어음,3,3581,7,,,,True,종속변수(y_h)가 이 표본에서 전혀 변하지 않음(상수) - 회귀 불가
출판업,할인어음,4,3367,7,,,,True,종속변수(y_h)가 이 표본에서 전혀 변하지 않음(상수) - 회귀 불가
출판업,할인어음,5,3198,7,,,,True,종속변수(y_h)가 이 표본에서 전혀 변하지 않음(상수) - 회귀 불가
출판업,할인어음,6,3036,7,,,,True,종속변수(y_h)가 이 표본에서 전혀 변하지 않음(상수) - 회귀 불가
출판업,운전자금,0,4340,7,-0.017914,0.014673,0.222201,True,
출판업,운전자금,1,3951,7,-0.002339,0.014472,0.871621,True,
출판업,운전자금,2,3777,7,0.002396,0.026329,0.927492,True,
출판업,운전자금,3,3581,7,0.009902,0.035705,0.781543,True,
출판업,운전자금,4,3367,7,-0.003935,0.032198,0.902728,True,
출판업,운전자금,5,3198,7,-0.036617,0.038163,0.337398,True,
출판업,운전자금,6,3036,7,-0.025888,0.042993,0.547127,True,
"컴퓨터 프로그래밍, 시스템 통합 및 관리업",요구불,0,1929,-1,-0.304864,0.193456,0.115227,True,
"컴퓨터 프로그래밍, 시스템 통합 및 관리업",요구불,1,1794,-1,-0.613074,0.448821,0.172133,True,
"컴퓨터 프로그래밍, 시스템 통합 및 관리업",요구불,2,1719,-1,-0.878889,0.358813,0.014414,True,
"컴퓨터 프로그래밍, 시스템 통합 및 관리업",요구불,3,1639,-1,-0.813509,0.339932,0.016825,True,
"컴퓨터 프로그래밍, 시스템 통합 및 관리업",요구불,4,1565,-1,-1.308217,0.29215,8e-06,True,
"컴퓨터 프로그래밍, 시스템 통합 및 관리업",요구불,5,1494,-1,-1.774889,0.43499,4.8e-05,True,
"컴퓨터 프로그래밍, 시스템 통합 및 관리업",요구불,6,1426,-1,-1.769412,0.564393,0.001756,True,
"컴퓨터 프로그래밍, 시스템 통합 및 관리업",할인어음,0,1929,-1,,,,True,종속변수(y_h)가 이 표본에서 전혀 변하지 않음(상수) - 회귀 불가
"컴퓨터 프로그래밍, 시스템 통합 및 관리업",할인어음,1,1794,-1,,,,True,종속변수(y_h)가 이 표본에서 전혀 변하지 않음(상수) - 회귀 불가
"컴퓨터 프로그래밍, 시스템 통합 및 관리업",할인어음,2,1719,-1,,,,True,종속변수(y_h)가 이 표본에서 전혀 변하지 않음(상수) - 회귀 불가
"컴퓨터 프로그래밍, 시스템 통합 및 관리업",할인어음,3,1639,-1,,,,True,종속변수(y_h)가 이 표본에서 전혀 변하지 않음(상수) - 회귀 불가
"컴퓨터 프로그래밍, 시스템 통합 및 관리업",할인어음,4,1565,-1,,,,True,종속변수(y_h)가 이 표본에서 전혀 변하지 않음(상수) - 회귀 불가
"컴퓨터 프로그래밍, 시스템 통합 및 관리업",할인어음,5,1494,-1,,,,True,종속변수(y_h)가 이 표본에서 전혀 변하지 않음(상수) - 회귀 불가
"컴퓨터 프로그래밍, 시스템 통합 및 관리업",할인어음,6,1426,-1,,,,True,종속변수(y_h)가 이 표본에서 전혀 변하지 않음(상수) - 회귀 불가
"컴퓨터 프로그래밍, 시스템 통합 및 관리업",운전자금,0,1929,-1,-0.008538,0.060223,0.887269,True,
"컴퓨터 프로그래밍, 시스템 통합 및 관리업",운전자금,1,1794,-1,0.085047,0.110904,0.443276,True,
"컴퓨터 프로그래밍, 시스템 통합 및 관리업",운전자금,2,1719,-1,0.103925,0.098561,0.291846,True,
"컴퓨터 프로그래밍, 시스템 통합 및 관리업",운전자금,3,1639,-1,0.070047,0.116939,0.549259,True,
"컴퓨터 프로그래밍, 시스템 통합 및 관리업",운전자금,4,1565,-1,0.109951,0.152625,0.471395,True,
"컴퓨터 프로그래밍, 시스템 통합 및 관리업",운전자금,5,1494,-1,0.035608,0.107942,0.74154,True,
"컴퓨터 프로그래밍, 시스템 통합 및 관리업",운전자금,6,1426,-1,-0.058101,0.115256,0.614273,True,
"코크스, 연탄 및 석유정제품 제조업",요구불,0,30,-1,,,,True,down×exposed 항이 법인FE+연월FE에 완전히 흡수되어 제거됨(drop_absorbed)
"코크스, 연탄 및 석유정제품 제조업",요구불,1,0,0,,,,True,y_h 유효쌍 없음(해당 h만큼의 선/후행 관측이 표본에 없음)
"코크스, 연탄 및 석유정제품 제조업",요구불,2,0,0,,,,True,y_h 유효쌍 없음(해당 h만큼의 선/후행 관측이 표본에 없음)
"코크스, 연탄 및 석유정제품 제조업",요구불,3,0,0,,,,True,y_h 유효쌍 없음(해당 h만큼의 선/후행 관측이 표본에 없음)
"코크스, 연탄 및 석유정제품 제조업",요구불,4,0,0,,,,True,y_h 유효쌍 없음(해당 h만큼의 선/후행 관측이 표본에 없음)
"코크스, 연탄 및 석유정제품 제조업",요구불,5,0,0,,,,True,y_h 유효쌍 없음(해당 h만큼의 선/후행 관측이 표본에 없음)
"코크스, 연탄 및 석유정제품 제조업",요구불,6,0,0,,,,True,y_h 유효쌍 없음(해당 h만큼의 선/후행 관측이 표본에 없음)
"코크스, 연탄 및 석유정제품 제조업",할인어음,0,30,-1,,,,True,종속변수(y_h)가 이 표본에서 전혀 변하지 않음(상수) - 회귀 불가
"코크스, 연탄 및 석유정제품 제조업",할인어음,1,0,0,,,,True,y_h 유효쌍 없음(해당 h만큼의 선/후행 관측이 표본에 없음)
"코크스, 연탄 및 석유정제품 제조업",할인어음,2,0,0,,,,True,y_h 유효쌍 없음(해당 h만큼의 선/후행 관측이 표본에 없음)
"코크스, 연탄 및 석유정제품 제조업",할인어음,3,0,0,,,,True,y_h 유효쌍 없음(해당 h만큼의 선/후행 관측이 표본에 없음)
"코크스, 연탄 및 석유정제품 제조업",할인어음,4,0,0,,,,True,y_h 유효쌍 없음(해당 h만큼의 선/후행 관측이 표본에 없음)
"코크스, 연탄 및 석유정제품 제조업",할인어음,5,0,0,,,,True,y_h 유효쌍 없음(해당 h만큼의 선/후행 관측이 표본에 없음)
"코크스, 연탄 및 석유정제품 제조업",할인어음,6,0,0,,,,True,y_h 유효쌍 없음(해당 h만큼의 선/후행 관측이 표본에 없음)
"코크스, 연탄 및 석유정제품 제조업",운전자금,0,30,-1,,,,True,down×exposed 항이 법인FE+연월FE에 완전히 흡수되어 제거됨(drop_absorbed)
"코크스, 연탄 및 석유정제품 제조업",운전자금,1,0,0,,,,True,y_h 유효쌍 없음(해당 h만큼의 선/후행 관측이 표본에 없음)
"코크스, 연탄 및 석유정제품 제조업",운전자금,2,0,0,,,,True,y_h 유효쌍 없음(해당 h만큼의 선/후행 관측이 표본에 없음)
"코크스, 연탄 및 석유정제품 제조업",운전자금,3,0,0,,,,True,y_h 유효쌍 없음(해당 h만큼의 선/후행 관측이 표본에 없음)
"코크스, 연탄 및 석유정제품 제조업",운전자금,4,0,0,,,,True,y_h 유효쌍 없음(해당 h만큼의 선/후행 관측이 표본에 없음)
"코크스, 연탄 및 석유정제품 제조업",운전자금,5,0,0,,,,True,y_h 유효쌍 없음(해당 h만큼의 선/후행 관측이 표본에 없음)
"코크스, 연탄 및 석유정제품 제조업",운전자금,6,0,0,,,,True,y_h 유효쌍 없음(해당 h만큼의 선/후행 관측이 표본에 없음)
"펄프, 종이 및 종이제품 제조업",요구불,0,2151,10,0.032415,0.170852,0.849544,True,
"펄프, 종이 및 종이제품 제조업",요구불,1,2016,10,-0.212142,0.135946,0.118812,True,
"펄프, 종이 및 종이제품 제조업",요구불,2,1936,10,-0.334959,0.150682,0.026342,True,
"펄프, 종이 및 종이제품 제조업",요구불,3,1861,10,-0.48674,0.246879,0.048816,True,
"펄프, 종이 및 종이제품 제조업",요구불,4,1778,10,-0.286288,0.239157,0.23145,True,
"펄프, 종이 및 종이제품 제조업",요구불,5,1698,10,-0.571402,0.193959,0.003266,True,
"펄프, 종이 및 종이제품 제조업",요구불,6,1616,10,-0.496619,0.225097,0.027518,True,
"펄프, 종이 및 종이제품 제조업",할인어음,0,2151,10,0.037336,0.037127,0.314722,True,
"펄프, 종이 및 종이제품 제조업",할인어음,1,2016,10,0.013289,0.008951,0.137799,True,
"펄프, 종이 및 종이제품 제조업",할인어음,2,1936,10,0.071263,0.041915,0.089272,True,
"펄프, 종이 및 종이제품 제조업",할인어음,3,1861,10,0.050351,0.044609,0.259172,True,
"펄프, 종이 및 종이제품 제조업",할인어음,4,1778,10,0.043202,0.062852,0.491953,True,
"펄프, 종이 및 종이제품 제조업",할인어음,5,1698,10,0.038247,0.076573,0.617511,True,
"펄프, 종이 및 종이제품 제조업",할인어음,6,1616,10,0.036886,0.084976,0.664294,True,
"펄프, 종이 및 종이제품 제조업",운전자금,0,2151,10,-0.071463,0.0848,0.399485,True,
"펄프, 종이 및 종이제품 제조업",운전자금,1,2016,10,-0.154754,0.106224,0.145321,True,
"펄프, 종이 및 종이제품 제조업",운전자금,2,1936,10,-0.252752,0.227147,0.265974,True,
"펄프, 종이 및 종이제품 제조업",운전자금,3,1861,10,-0.371097,0.332074,0.263929,True,
"펄프, 종이 및 종이제품 제조업",운전자금,4,1778,10,-0.124748,0.355839,0.725953,True,
"펄프, 종이 및 종이제품 제조업",운전자금,5,1698,10,-0.272902,0.350827,0.436755,True,
"펄프, 종이 및 종이제품 제조업",운전자금,6,1616,10,-0.284582,0.363375,0.433655,True,
"폐기물 수집, 운반, 처리 및 원료 재생업",요구불,0,4402,8,-0.160004,0.201775,0.427834,True,
"폐기물 수집, 운반, 처리 및 원료 재생업",요구불,1,4138,8,-0.038772,0.215401,0.857163,True,
"폐기물 수집, 운반, 처리 및 원료 재생업",요구불,2,3986,8,0.09536,0.31348,0.760994,True,
"폐기물 수집, 운반, 처리 및 원료 재생업",요구불,3,3821,8,0.259976,0.375369,0.488613,True,
"폐기물 수집, 운반, 처리 및 원료 재생업",요구불,4,3645,8,0.244085,0.297222,0.411577,True,
"폐기물 수집, 운반, 처리 및 원료 재생업",요구불,5,3504,8,0.104791,0.33689,0.755779,True,
"폐기물 수집, 운반, 처리 및 원료 재생업",요구불,6,3359,8,9.9e-05,0.283877,0.999721,True,
"폐기물 수집, 운반, 처리 및 원료 재생업",할인어음,0,4402,8,0.101398,0.094443,0.283042,True,
"폐기물 수집, 운반, 처리 및 원료 재생업",할인어음,1,4138,8,0.039064,0.035699,0.273899,True,
"폐기물 수집, 운반, 처리 및 원료 재생업",할인어음,2,3986,8,0.133849,0.124835,0.283692,True,
"폐기물 수집, 운반, 처리 및 원료 재생업",할인어음,3,3821,8,0.247794,0.228672,0.278604,True,
"폐기물 수집, 운반, 처리 및 원료 재생업",할인어음,4,3645,8,0.344877,0.31915,0.279947,True,
"폐기물 수집, 운반, 처리 및 원료 재생업",할인어음,5,3504,8,0.487176,0.455501,0.284905,True,
"폐기물 수집, 운반, 처리 및 원료 재생업",할인어음,6,3359,8,0.461674,0.430505,0.283621,True,
"폐기물 수집, 운반, 처리 및 원료 재생업",운전자금,0,4402,8,0.234307,0.175729,0.182492,True,
"폐기물 수집, 운반, 처리 및 원료 재생업",운전자금,1,4138,8,0.29434,0.30672,0.337297,True,
"폐기물 수집, 운반, 처리 및 원료 재생업",운전자금,2,3986,8,0.378378,0.336926,0.261497,True,
"폐기물 수집, 운반, 처리 및 원료 재생업",운전자금,3,3821,8,0.009451,0.240814,0.968696,True,
"폐기물 수집, 운반, 처리 및 원료 재생업",운전자금,4,3645,8,0.683885,0.454792,0.132743,True,
"폐기물 수집, 운반, 처리 및 원료 재생업",운전자금,5,3504,8,0.60673,0.557561,0.276592,True,
"폐기물 수집, 운반, 처리 및 원료 재생업",운전자금,6,3359,8,0.594176,0.447833,0.184677,True,
협회 및 단체,요구불,0,3782,-1,-0.037483,0.027665,0.175528,True,
협회 및 단체,요구불,1,3555,-1,-0.016771,0.038718,0.664928,True,
협회 및 단체,요구불,2,3392,-1,0.002473,0.057676,0.965802,True,
협회 및 단체,요구불,3,3234,-1,0.052244,0.095189,0.583156,True,
협회 및 단체,요구불,4,3083,-1,0.101045,0.143841,0.482438,True,
협회 및 단체,요구불,5,2941,-1,0.114786,0.169329,0.497903,True,
협회 및 단체,요구불,6,2795,-1,0.130769,0.212953,0.539219,True,
협회 및 단체,할인어음,0,3782,-1,,,,True,종속변수(y_h)가 이 표본에서 전혀 변하지 않음(상수) - 회귀 불가
협회 및 단체,할인어음,1,3555,-1,,,,True,종속변수(y_h)가 이 표본에서 전혀 변하지 않음(상수) - 회귀 불가
협회 및 단체,할인어음,2,3392,-1,,,,True,종속변수(y_h)가 이 표본에서 전혀 변하지 않음(상수) - 회귀 불가
협회 및 단체,할인어음,3,3234,-1,,,,True,종속변수(y_h)가 이 표본에서 전혀 변하지 않음(상수) - 회귀 불가
협회 및 단체,할인어음,4,3083,-1,,,,True,종속변수(y_h)가 이 표본에서 전혀 변하지 않음(상수) - 회귀 불가
협회 및 단체,할인어음,5,2941,-1,,,,True,종속변수(y_h)가 이 표본에서 전혀 변하지 않음(상수) - 회귀 불가
협회 및 단체,할인어음,6,2795,-1,,,,True,종속변수(y_h)가 이 표본에서 전혀 변하지 않음(상수) - 회귀 불가
협회 및 단체,운전자금,0,3782,-1,-0.129343,0.09674,0.181303,True,
협회 및 단체,운전자금,1,3555,-1,-0.46124,0.354179,0.192911,True,
협회 및 단체,운전자금,2,3392,-1,-1.022329,0.800449,0.201626,True,
협회 및 단체,운전자금,3,3234,-1,-0.537433,0.420381,0.201192,True,
협회 및 단체,운전자금,4,3083,-1,-0.3774,0.294106,0.199521,True,
협회 및 단체,운전자금,5,2941,-1,-0.219269,0.169212,0.195146,True,
협회 및 단체,운전자금,6,2795,-1,0.007921,0.038219,0.835835,True,
화학물질 및 화학제품 제조업; 의약품 제외,요구불,0,7607,68,-0.094839,0.064762,0.143122,False,
화학물질 및 화학제품 제조업; 의약품 제외,요구불,1,6982,68,-0.014822,0.079846,0.852744,False,
화학물질 및 화학제품 제조업; 의약품 제외,요구불,2,6748,67,-0.090722,0.116434,0.435906,False,
화학물질 및 화학제품 제조업; 의약품 제외,요구불,3,6471,66,-0.067775,0.121296,0.576349,False,
화학물질 및 화학제품 제조업; 의약품 제외,요구불,4,6148,66,-0.091697,0.121499,0.45045,False,
화학물질 및 화학제품 제조업; 의약품 제외,요구불,5,5911,66,-0.077565,0.138207,0.574665,False,
화학물질 및 화학제품 제조업; 의약품 제외,요구불,6,5635,65,-0.188282,0.151073,0.212708,False,
화학물질 및 화학제품 제조업; 의약품 제외,할인어음,0,7607,68,0.024057,0.025323,0.342148,False,
화학물질 및 화학제품 제조업; 의약품 제외,할인어음,1,6982,68,0.030404,0.041598,0.464874,False,
화학물질 및 화학제품 제조업; 의약품 제외,할인어음,2,6748,67,-0.001073,0.039262,0.978206,False,
화학물질 및 화학제품 제조업; 의약품 제외,할인어음,3,6471,66,-0.026861,0.055565,0.62882,False,
화학물질 및 화학제품 제조업; 의약품 제외,할인어음,4,6148,66,-0.013719,0.043008,0.749748,False,
화학물질 및 화학제품 제조업; 의약품 제외,할인어음,5,5911,66,-0.030703,0.054326,0.571988,False,
화학물질 및 화학제품 제조업; 의약품 제외,할인어음,6,5635,65,-0.047572,0.067236,0.479268,False,
화학물질 및 화학제품 제조업; 의약품 제외,운전자금,0,7607,68,-0.001526,0.018455,0.934086,False,
화학물질 및 화학제품 제조업; 의약품 제외,운전자금,1,6982,68,0.00959,0.043055,0.823741,False,
화학물질 및 화학제품 제조업; 의약품 제외,운전자금,2,6748,67,0.024466,0.040438,0.545178,False,
화학물질 및 화학제품 제조업; 의약품 제외,운전자금,3,6471,66,0.021784,0.045416,0.63149,False,
화학물질 및 화학제품 제조업; 의약품 제외,운전자금,4,6148,66,0.031474,0.053228,0.554333,False,
화학물질 및 화학제품 제조업; 의약품 제외,운전자금,5,5911,66,0.018254,0.060158,0.761569,False,
화학물질 및 화학제품 제조업; 의약품 제외,운전자금,6,5635,65,0.049576,0.083078,0.550703,False,
