업종,추천계정,추천h,coef,p,판정
1차 금속 제조업,요구불,6.0,-0.382625,0.011075,신뢰가능
가구 제조업,,,,,표본부족(신뢰불가)
"가죽, 가방 및 신발 제조업",,,,,표본부족(신뢰불가)
개인 및 소비용품 수리업,,,,,표본부족(신뢰불가)
"건축기술, 엔지니어링 및 기타 과학기술 서비스업",,,,,표본부족(신뢰불가)
고무 및 플라스틱제품 제조업,,,,,표본부족(신뢰불가)
교육 서비스업,,,,,표본부족(신뢰불가)
금속가공제품 제조업; 기계 및 가구 제외,요구불,6.0,-0.238593,0.025311,신뢰가능
금융 및 보험 관련 서비스업,,,,,표본부족(신뢰불가)
금융업,,,,,표본부족(신뢰불가)
기타 개인 서비스업,,,,,표본부족(신뢰불가)
기타 기계 및 장비 제조업,요구불,6.0,-0.238803,0.102822,신뢰가능(비유의)
기타 운송장비 제조업,,,,,표본부족(신뢰불가)
"기타 전문, 과학 및 기술 서비스업",,,,,표본부족(신뢰불가)
기타 제품 제조업,,,,,표본부족(신뢰불가)
농업,,,,,표본부족(신뢰불가)
도매 및 상품 중개업,운전자금,6.0,0.163391,0.10535,신뢰가능(비유의)
목재 및 나무제품 제조업; 가구 제외,,,,,표본부족(신뢰불가)
보건업,,,,,표본부족(신뢰불가)
부동산업,,,,,표본부족(신뢰불가)
비금속 광물제품 제조업,,,,,표본부족(신뢰불가)
비금속광물 광업; 연료용 제외,,,,,표본부족(신뢰불가)
사업시설 관리 및 조경 서비스업,,,,,표본부족(신뢰불가)
사업지원 서비스업,,,,,표본부족(신뢰불가)
사회복지 서비스업,,,,,표본부족(신뢰불가)
산업용 기계 및 장비 수리업,,,,,표본부족(신뢰불가)
섬유제품 제조업; 의복제외,요구불,3.0,-0.170729,0.031475,신뢰가능
소매업; 자동차 제외,,,,,표본부족(신뢰불가)
수상 운송업,,,,,표본부족(신뢰불가)
숙박업,,,,,표본부족(신뢰불가)
스포츠 및 오락관련 서비스업,,,,,표본부족(신뢰불가)
식료품 제조업,요구불,6.0,-0.219086,0.283683,신뢰가능(비유의)
연구개발업,,,,,표본부족(신뢰불가)
영상ㆍ오디오 기록물 제작 및 배급업,,,,,표본부족(신뢰불가)
육상운송 및 파이프라인 운송업,,,,,표본부족(신뢰불가)
음료 제조업,,,,,표본부족(신뢰불가)
음식점 및 주점업,,,,,표본부족(신뢰불가)
"의료, 정밀, 광학기기 및 시계 제조업",,,,,표본부족(신뢰불가)
의료용 물질 및 의약품 제조업,,,,,표본부족(신뢰불가)
"의복, 의복 액세서리 및 모피제품 제조업",,,,,표본부족(신뢰불가)
인쇄 및 기록매체 복제업,,,,,표본부족(신뢰불가)
임대업; 부동산 제외,,,,,표본부족(신뢰불가)
임업,,,,,표본부족(신뢰불가)
자동차 및 부품 판매업,,,,,표본부족(신뢰불가)
자동차 및 트레일러 제조업,요구불,6.0,-0.213624,0.076846,신뢰가능(비유의)
"전기, 가스, 증기 및 공기조절 공급업",,,,,표본부족(신뢰불가)
전기장비 제조업,,,,,표본부족(신뢰불가)
전문 서비스업,,,,,표본부족(신뢰불가)
전문직별 공사업,,,,,표본부족(신뢰불가)
"전자부품, 컴퓨터, 영상, 음향 및 통신장비 제조업",,,,,표본부족(신뢰불가)
정보서비스업,,,,,표본부족(신뢰불가)
종합 건설업,,,,,표본부족(신뢰불가)
창고 및 운송관련 서비스업,,,,,표본부족(신뢰불가)
"창작, 예술 및 여가관련 서비스업",,,,,표본부족(신뢰불가)
출판업,,,,,표본부족(신뢰불가)
"컴퓨터 프로그래밍, 시스템 통합 및 관리업",,,,,표본부족(신뢰불가)
"코크스, 연탄 및 석유정제품 제조업",,,,,표본부족(신뢰불가)
"펄프, 종이 및 종이제품 제조업",,,,,표본부족(신뢰불가)
"폐기물 수집, 운반, 처리 및 원료 재생업",,,,,표본부족(신뢰불가)
협회 및 단체,,,,,표본부족(신뢰불가)
화학물질 및 화학제품 제조업; 의약품 제외,요구불,6.0,-0.188282,0.212708,신뢰가능(비유의)
